ERROR - 2026-06-18 04:48:17 --> Error connecting to the database: mysqli_sql_exception: Unknown database 'smart_maggot' in C:\xampp\htdocs\MCProject\ci4-app\system\Database\MySQLi\Connection.php:201
Stack trace:
#0 C:\xampp\htdocs\MCProject\ci4-app\system\Database\MySQLi\Connection.php(201): mysqli->real_connect('localhost', 'root', Object(SensitiveParameterValue), 'smart_maggot', 3306, '', 0)
#1 C:\xampp\htdocs\MCProject\ci4-app\system\Database\BaseConnection.php(419): CodeIgniter\Database\MySQLi\Connection->connect(false)
#2 C:\xampp\htdocs\MCProject\ci4-app\system\Database\BaseConnection.php(654): CodeIgniter\Database\BaseConnection->initialize()
#3 C:\xampp\htdocs\MCProject\ci4-app\system\Database\BaseConnection.php(1565): CodeIgniter\Database\BaseConnection->query('SHOW TABLES FRO...')
#4 C:\xampp\htdocs\MCProject\ci4-app\system\Database\BaseConnection.php(1585): CodeIgniter\Database\BaseConnection->listTables()
#5 C:\xampp\htdocs\MCProject\ci4-app\system\Database\MigrationRunner.php(821): CodeIgniter\Database\BaseConnection->tableExists('migrations')
#6 C:\xampp\htdocs\MCProject\ci4-app\system\Database\MigrationRunner.php(173): CodeIgniter\Database\MigrationRunner->ensureTable()
#7 C:\xampp\htdocs\MCProject\ci4-app\system\Commands\Database\Migrate.php(89): CodeIgniter\Database\MigrationRunner->latest(NULL)
#8 C:\xampp\htdocs\MCProject\ci4-app\system\CLI\SignalTrait.php(245): CodeIgniter\Commands\Database\Migrate::CodeIgniter\Commands\Database\{closure}()
#9 C:\xampp\htdocs\MCProject\ci4-app\system\Commands\Database\Migrate.php(88): CodeIgniter\Commands\Database\Migrate->withSignalsBlocked(Object(Closure))
#10 C:\xampp\htdocs\MCProject\ci4-app\system\CLI\Commands.php(74): CodeIgniter\Commands\Database\Migrate->run(Array)
#11 C:\xampp\htdocs\MCProject\ci4-app\system\CLI\Console.php(47): CodeIgniter\CLI\Commands->run('migrate', Array)
#12 C:\xampp\htdocs\MCProject\ci4-app\system\Boot.php(442): CodeIgniter\CLI\Console->run()
#13 C:\xampp\htdocs\MCProject\ci4-app\system\Boot.php(166): CodeIgniter\Boot::runCommand(Object(CodeIgniter\CLI\Console))
#14 C:\xampp\htdocs\MCProject\ci4-app\spark(87): CodeIgniter\Boot::bootSpark(Object(Config\Paths))
#15 {main}

Next CodeIgniter\Database\Exceptions\DatabaseException: Unknown database 'smart_maggot' in C:\xampp\htdocs\MCProject\ci4-app\system\Database\MySQLi\Connection.php:231
Stack trace:
#0 C:\xampp\htdocs\MCProject\ci4-app\system\Database\BaseConnection.php(419): CodeIgniter\Database\MySQLi\Connection->connect(false)
#1 C:\xampp\htdocs\MCProject\ci4-app\system\Database\BaseConnection.php(654): CodeIgniter\Database\BaseConnection->initialize()
#2 C:\xampp\htdocs\MCProject\ci4-app\system\Database\BaseConnection.php(1565): CodeIgniter\Database\BaseConnection->query('SHOW TABLES FRO...')
#3 C:\xampp\htdocs\MCProject\ci4-app\system\Database\BaseConnection.php(1585): CodeIgniter\Database\BaseConnection->listTables()
#4 C:\xampp\htdocs\MCProject\ci4-app\system\Database\MigrationRunner.php(821): CodeIgniter\Database\BaseConnection->tableExists('migrations')
#5 C:\xampp\htdocs\MCProject\ci4-app\system\Database\MigrationRunner.php(173): CodeIgniter\Database\MigrationRunner->ensureTable()
#6 C:\xampp\htdocs\MCProject\ci4-app\system\Commands\Database\Migrate.php(89): CodeIgniter\Database\MigrationRunner->latest(NULL)
#7 C:\xampp\htdocs\MCProject\ci4-app\system\CLI\SignalTrait.php(245): CodeIgniter\Commands\Database\Migrate::CodeIgniter\Commands\Database\{closure}()
#8 C:\xampp\htdocs\MCProject\ci4-app\system\Commands\Database\Migrate.php(88): CodeIgniter\Commands\Database\Migrate->withSignalsBlocked(Object(Closure))
#9 C:\xampp\htdocs\MCProject\ci4-app\system\CLI\Commands.php(74): CodeIgniter\Commands\Database\Migrate->run(Array)
#10 C:\xampp\htdocs\MCProject\ci4-app\system\CLI\Console.php(47): CodeIgniter\CLI\Commands->run('migrate', Array)
#11 C:\xampp\htdocs\MCProject\ci4-app\system\Boot.php(442): CodeIgniter\CLI\Console->run()
#12 C:\xampp\htdocs\MCProject\ci4-app\system\Boot.php(166): CodeIgniter\Boot::runCommand(Object(CodeIgniter\CLI\Console))
#13 C:\xampp\htdocs\MCProject\ci4-app\spark(87): CodeIgniter\Boot::bootSpark(Object(Config\Paths))
#14 {main}
DEBUG - 2026-06-18 10:19:01 --> Session: Class initialized using 'CodeIgniter\Session\Handlers\FileHandler' driver.
ERROR - 2026-06-18 10:23:23 --> Unknown column 'is_active' in 'field list'
in SYSTEMPATH\Database\MySQLi\Connection.php on line 300.
 1 SYSTEMPATH\Database\MySQLi\Connection.php(300): mysqli->query('INSERT INTO `users` (`name`, `email`, `password`, `role`, `is_active`) VALUES (\'Administrator\', \'admin@example.com\', \'$2y$10$u2sTKEjvo5mPv97PHUtV6emRG0RdlKUxv8jUIElJhlcurfUKLtqie\', \'admin\', 1)', 0)
 2 SYSTEMPATH\Database\BaseConnection.php(769): CodeIgniter\Database\MySQLi\Connection->execute('INSERT INTO `users` (`name`, `email`, `password`, `role`, `is_active`) VALUES (\'Administrator\', \'admin@example.com\', \'$2y$10$u2sTKEjvo5mPv97PHUtV6emRG0RdlKUxv8jUIElJhlcurfUKLtqie\', \'admin\', 1)')
 3 SYSTEMPATH\Database\BaseConnection.php(686): CodeIgniter\Database\BaseConnection->simpleQuery('INSERT INTO `users` (`name`, `email`, `password`, `role`, `is_active`) VALUES (\'Administrator\', \'admin@example.com\', \'$2y$10$u2sTKEjvo5mPv97PHUtV6emRG0RdlKUxv8jUIElJhlcurfUKLtqie\', \'admin\', 1)')
 4 SYSTEMPATH\Database\BaseBuilder.php(2345): CodeIgniter\Database\BaseConnection->query('INSERT INTO `users` (`name`, `email`, `password`, `role`, `is_active`) VALUES (:name:, :email.1:, :password:, :role:, :is_active:)', [...], false)
 5 APPPATH\Database\Seeds\UserSeeder.php(42): CodeIgniter\Database\BaseBuilder->insert([...])
 6 SYSTEMPATH\Database\Seeder.php(155): App\Database\Seeds\UserSeeder->run()
 7 SYSTEMPATH\Commands\Database\Seed.php(79): CodeIgniter\Database\Seeder->call('App\\Database\\Seeds\\UserSeeder')
 8 SYSTEMPATH\CLI\Commands.php(74): CodeIgniter\Commands\Database\Seed->run([])
 9 SYSTEMPATH\CLI\Console.php(47): CodeIgniter\CLI\Commands->run('db:seed', [...])
10 SYSTEMPATH\Boot.php(442): CodeIgniter\CLI\Console->run()
11 SYSTEMPATH\Boot.php(166): CodeIgniter\Boot::runCommand(Object(CodeIgniter\CLI\Console))
12 ROOTPATH\spark(87): CodeIgniter\Boot::bootSpark(Object(Config\Paths))
DEBUG - 2026-06-18 10:25:10 --> Session: Class initialized using 'CodeIgniter\Session\Handlers\FileHandler' driver.
DEBUG - 2026-06-18 10:25:16 --> Session: Class initialized using 'CodeIgniter\Session\Handlers\FileHandler' driver.
DEBUG - 2026-06-18 10:25:18 --> Session: Class initialized using 'CodeIgniter\Session\Handlers\FileHandler' driver.
DEBUG - 2026-06-18 10:25:19 --> Session: Class initialized using 'CodeIgniter\Session\Handlers\FileHandler' driver.
DEBUG - 2026-06-18 10:25:21 --> Session: Class initialized using 'CodeIgniter\Session\Handlers\FileHandler' driver.
DEBUG - 2026-06-18 10:25:22 --> Session: Class initialized using 'CodeIgniter\Session\Handlers\FileHandler' driver.
DEBUG - 2026-06-18 10:25:23 --> Session: Class initialized using 'CodeIgniter\Session\Handlers\FileHandler' driver.
DEBUG - 2026-06-18 10:25:24 --> Session: Class initialized using 'CodeIgniter\Session\Handlers\FileHandler' driver.
DEBUG - 2026-06-18 10:25:25 --> Session: Class initialized using 'CodeIgniter\Session\Handlers\FileHandler' driver.
DEBUG - 2026-06-18 10:25:25 --> Session: Class initialized using 'CodeIgniter\Session\Handlers\FileHandler' driver.
DEBUG - 2026-06-18 10:25:26 --> Session: Class initialized using 'CodeIgniter\Session\Handlers\FileHandler' driver.
DEBUG - 2026-06-18 10:25:27 --> Session: Class initialized using 'CodeIgniter\Session\Handlers\FileHandler' driver.
DEBUG - 2026-06-18 10:25:28 --> Session: Class initialized using 'CodeIgniter\Session\Handlers\FileHandler' driver.
DEBUG - 2026-06-18 10:25:28 --> Session: Class initialized using 'CodeIgniter\Session\Handlers\FileHandler' driver.
DEBUG - 2026-06-18 10:25:29 --> Session: Class initialized using 'CodeIgniter\Session\Handlers\FileHandler' driver.
DEBUG - 2026-06-18 10:25:29 --> Session: Class initialized using 'CodeIgniter\Session\Handlers\FileHandler' driver.
DEBUG - 2026-06-18 10:25:30 --> Session: Class initialized using 'CodeIgniter\Session\Handlers\FileHandler' driver.
DEBUG - 2026-06-18 10:25:54 --> Session: Class initialized using 'CodeIgniter\Session\Handlers\FileHandler' driver.
DEBUG - 2026-06-18 10:25:55 --> Session: Class initialized using 'CodeIgniter\Session\Handlers\FileHandler' driver.
DEBUG - 2026-06-18 10:25:55 --> Session: Class initialized using 'CodeIgniter\Session\Handlers\FileHandler' driver.
DEBUG - 2026-06-18 10:25:56 --> Session: Class initialized using 'CodeIgniter\Session\Handlers\FileHandler' driver.
DEBUG - 2026-06-18 10:25:57 --> Session: Class initialized using 'CodeIgniter\Session\Handlers\FileHandler' driver.
DEBUG - 2026-06-18 10:25:57 --> Session: Class initialized using 'CodeIgniter\Session\Handlers\FileHandler' driver.
DEBUG - 2026-06-18 10:25:58 --> Session: Class initialized using 'CodeIgniter\Session\Handlers\FileHandler' driver.
DEBUG - 2026-06-18 10:25:59 --> Session: Class initialized using 'CodeIgniter\Session\Handlers\FileHandler' driver.
DEBUG - 2026-06-18 10:26:00 --> Session: Class initialized using 'CodeIgniter\Session\Handlers\FileHandler' driver.
DEBUG - 2026-06-18 10:26:00 --> Session: Class initialized using 'CodeIgniter\Session\Handlers\FileHandler' driver.
DEBUG - 2026-06-18 10:26:01 --> Session: Class initialized using 'CodeIgniter\Session\Handlers\FileHandler' driver.
DEBUG - 2026-06-18 10:26:02 --> Session: Class initialized using 'CodeIgniter\Session\Handlers\FileHandler' driver.
DEBUG - 2026-06-18 10:26:03 --> Session: Class initialized using 'CodeIgniter\Session\Handlers\FileHandler' driver.
DEBUG - 2026-06-18 10:26:03 --> Session: Class initialized using 'CodeIgniter\Session\Handlers\FileHandler' driver.
DEBUG - 2026-06-18 10:26:04 --> Session: Class initialized using 'CodeIgniter\Session\Handlers\FileHandler' driver.
DEBUG - 2026-06-18 10:26:11 --> Session: Class initialized using 'CodeIgniter\Session\Handlers\FileHandler' driver.
DEBUG - 2026-06-18 10:26:12 --> Session: Class initialized using 'CodeIgniter\Session\Handlers\FileHandler' driver.
DEBUG - 2026-06-18 10:26:13 --> Session: Class initialized using 'CodeIgniter\Session\Handlers\FileHandler' driver.
DEBUG - 2026-06-18 10:26:15 --> Session: Class initialized using 'CodeIgniter\Session\Handlers\FileHandler' driver.
DEBUG - 2026-06-18 10:26:16 --> Session: Class initialized using 'CodeIgniter\Session\Handlers\FileHandler' driver.
DEBUG - 2026-06-18 10:26:17 --> Session: Class initialized using 'CodeIgniter\Session\Handlers\FileHandler' driver.
DEBUG - 2026-06-18 10:26:20 --> Session: Class initialized using 'CodeIgniter\Session\Handlers\FileHandler' driver.
DEBUG - 2026-06-18 10:26:20 --> Session: Class initialized using 'CodeIgniter\Session\Handlers\FileHandler' driver.
DEBUG - 2026-06-18 10:26:33 --> Session: Class initialized using 'CodeIgniter\Session\Handlers\FileHandler' driver.
DEBUG - 2026-06-18 10:26:35 --> Session: Class initialized using 'CodeIgniter\Session\Handlers\FileHandler' driver.
DEBUG - 2026-06-18 10:26:35 --> Session: Class initialized using 'CodeIgniter\Session\Handlers\FileHandler' driver.
DEBUG - 2026-06-18 10:26:35 --> Session: Class initialized using 'CodeIgniter\Session\Handlers\FileHandler' driver.
DEBUG - 2026-06-18 10:26:36 --> Session: Class initialized using 'CodeIgniter\Session\Handlers\FileHandler' driver.
DEBUG - 2026-06-18 10:26:36 --> Session: Class initialized using 'CodeIgniter\Session\Handlers\FileHandler' driver.
DEBUG - 2026-06-18 10:26:36 --> Session: Class initialized using 'CodeIgniter\Session\Handlers\FileHandler' driver.
DEBUG - 2026-06-18 10:26:37 --> Session: Class initialized using 'CodeIgniter\Session\Handlers\FileHandler' driver.
DEBUG - 2026-06-18 10:26:37 --> Session: Class initialized using 'CodeIgniter\Session\Handlers\FileHandler' driver.
DEBUG - 2026-06-18 10:26:37 --> Session: Class initialized using 'CodeIgniter\Session\Handlers\FileHandler' driver.
DEBUG - 2026-06-18 10:26:38 --> Session: Class initialized using 'CodeIgniter\Session\Handlers\FileHandler' driver.
DEBUG - 2026-06-18 10:26:38 --> Session: Class initialized using 'CodeIgniter\Session\Handlers\FileHandler' driver.
DEBUG - 2026-06-18 10:26:38 --> Session: Class initialized using 'CodeIgniter\Session\Handlers\FileHandler' driver.
DEBUG - 2026-06-18 10:26:39 --> Session: Class initialized using 'CodeIgniter\Session\Handlers\FileHandler' driver.
DEBUG - 2026-06-18 10:26:39 --> Session: Class initialized using 'CodeIgniter\Session\Handlers\FileHandler' driver.
DEBUG - 2026-06-18 10:26:39 --> Session: Class initialized using 'CodeIgniter\Session\Handlers\FileHandler' driver.
DEBUG - 2026-06-18 10:26:39 --> Session: Class initialized using 'CodeIgniter\Session\Handlers\FileHandler' driver.
DEBUG - 2026-06-18 10:26:40 --> Session: Class initialized using 'CodeIgniter\Session\Handlers\FileHandler' driver.
DEBUG - 2026-06-18 10:26:40 --> Session: Class initialized using 'CodeIgniter\Session\Handlers\FileHandler' driver.
DEBUG - 2026-06-18 10:26:40 --> Session: Class initialized using 'CodeIgniter\Session\Handlers\FileHandler' driver.
DEBUG - 2026-06-18 10:26:40 --> Session: Class initialized using 'CodeIgniter\Session\Handlers\FileHandler' driver.
DEBUG - 2026-06-18 10:26:43 --> Session: Class initialized using 'CodeIgniter\Session\Handlers\FileHandler' driver.
DEBUG - 2026-06-18 10:26:43 --> Session: Class initialized using 'CodeIgniter\Session\Handlers\FileHandler' driver.
DEBUG - 2026-06-18 10:26:43 --> Session: Class initialized using 'CodeIgniter\Session\Handlers\FileHandler' driver.
DEBUG - 2026-06-18 10:26:44 --> Session: Class initialized using 'CodeIgniter\Session\Handlers\FileHandler' driver.
DEBUG - 2026-06-18 10:26:44 --> Session: Class initialized using 'CodeIgniter\Session\Handlers\FileHandler' driver.
DEBUG - 2026-06-18 10:26:44 --> Session: Class initialized using 'CodeIgniter\Session\Handlers\FileHandler' driver.
DEBUG - 2026-06-18 10:26:44 --> Session: Class initialized using 'CodeIgniter\Session\Handlers\FileHandler' driver.
DEBUG - 2026-06-18 10:26:45 --> Session: Class initialized using 'CodeIgniter\Session\Handlers\FileHandler' driver.
DEBUG - 2026-06-18 10:26:45 --> Session: Class initialized using 'CodeIgniter\Session\Handlers\FileHandler' driver.
DEBUG - 2026-06-18 10:26:45 --> Session: Class initialized using 'CodeIgniter\Session\Handlers\FileHandler' driver.
DEBUG - 2026-06-18 10:26:46 --> Session: Class initialized using 'CodeIgniter\Session\Handlers\FileHandler' driver.
DEBUG - 2026-06-18 10:26:46 --> Session: Class initialized using 'CodeIgniter\Session\Handlers\FileHandler' driver.
DEBUG - 2026-06-18 10:26:46 --> Session: Class initialized using 'CodeIgniter\Session\Handlers\FileHandler' driver.
DEBUG - 2026-06-18 10:26:47 --> Session: Class initialized using 'CodeIgniter\Session\Handlers\FileHandler' driver.
DEBUG - 2026-06-18 10:26:47 --> Session: Class initialized using 'CodeIgniter\Session\Handlers\FileHandler' driver.
DEBUG - 2026-06-18 10:26:47 --> Session: Class initialized using 'CodeIgniter\Session\Handlers\FileHandler' driver.
DEBUG - 2026-06-18 10:26:48 --> Session: Class initialized using 'CodeIgniter\Session\Handlers\FileHandler' driver.
DEBUG - 2026-06-18 10:26:48 --> Session: Class initialized using 'CodeIgniter\Session\Handlers\FileHandler' driver.
DEBUG - 2026-06-18 10:26:48 --> Session: Class initialized using 'CodeIgniter\Session\Handlers\FileHandler' driver.
DEBUG - 2026-06-18 10:26:49 --> Session: Class initialized using 'CodeIgniter\Session\Handlers\FileHandler' driver.
DEBUG - 2026-06-18 10:26:56 --> Session: Class initialized using 'CodeIgniter\Session\Handlers\FileHandler' driver.
DEBUG - 2026-06-18 10:26:57 --> Session: Class initialized using 'CodeIgniter\Session\Handlers\FileHandler' driver.
DEBUG - 2026-06-18 10:26:57 --> Session: Class initialized using 'CodeIgniter\Session\Handlers\FileHandler' driver.
DEBUG - 2026-06-18 10:26:57 --> Session: Class initialized using 'CodeIgniter\Session\Handlers\FileHandler' driver.
DEBUG - 2026-06-18 10:26:57 --> Session: Class initialized using 'CodeIgniter\Session\Handlers\FileHandler' driver.
DEBUG - 2026-06-18 10:26:58 --> Session: Class initialized using 'CodeIgniter\Session\Handlers\FileHandler' driver.
DEBUG - 2026-06-18 10:26:58 --> Session: Class initialized using 'CodeIgniter\Session\Handlers\FileHandler' driver.
DEBUG - 2026-06-18 10:26:58 --> Session: Class initialized using 'CodeIgniter\Session\Handlers\FileHandler' driver.
DEBUG - 2026-06-18 10:26:58 --> Session: Class initialized using 'CodeIgniter\Session\Handlers\FileHandler' driver.
DEBUG - 2026-06-18 10:26:59 --> Session: Class initialized using 'CodeIgniter\Session\Handlers\FileHandler' driver.
DEBUG - 2026-06-18 10:26:59 --> Session: Class initialized using 'CodeIgniter\Session\Handlers\FileHandler' driver.
DEBUG - 2026-06-18 10:26:59 --> Session: Class initialized using 'CodeIgniter\Session\Handlers\FileHandler' driver.
DEBUG - 2026-06-18 10:26:59 --> Session: Class initialized using 'CodeIgniter\Session\Handlers\FileHandler' driver.
DEBUG - 2026-06-18 10:27:00 --> Session: Class initialized using 'CodeIgniter\Session\Handlers\FileHandler' driver.
DEBUG - 2026-06-18 10:27:00 --> Session: Class initialized using 'CodeIgniter\Session\Handlers\FileHandler' driver.
DEBUG - 2026-06-18 10:27:00 --> Session: Class initialized using 'CodeIgniter\Session\Handlers\FileHandler' driver.
DEBUG - 2026-06-18 10:27:00 --> Session: Class initialized using 'CodeIgniter\Session\Handlers\FileHandler' driver.
DEBUG - 2026-06-18 10:27:01 --> Session: Class initialized using 'CodeIgniter\Session\Handlers\FileHandler' driver.
DEBUG - 2026-06-18 10:27:01 --> Session: Class initialized using 'CodeIgniter\Session\Handlers\FileHandler' driver.
DEBUG - 2026-06-18 10:27:01 --> Session: Class initialized using 'CodeIgniter\Session\Handlers\FileHandler' driver.
DEBUG - 2026-06-18 10:27:01 --> Session: Class initialized using 'CodeIgniter\Session\Handlers\FileHandler' driver.
DEBUG - 2026-06-18 10:27:02 --> Session: Class initialized using 'CodeIgniter\Session\Handlers\FileHandler' driver.
DEBUG - 2026-06-18 10:27:02 --> Session: Class initialized using 'CodeIgniter\Session\Handlers\FileHandler' driver.
DEBUG - 2026-06-18 10:27:02 --> Session: Class initialized using 'CodeIgniter\Session\Handlers\FileHandler' driver.
DEBUG - 2026-06-18 10:27:02 --> Session: Class initialized using 'CodeIgniter\Session\Handlers\FileHandler' driver.
DEBUG - 2026-06-18 10:27:02 --> Session: Class initialized using 'CodeIgniter\Session\Handlers\FileHandler' driver.
DEBUG - 2026-06-18 10:27:03 --> Session: Class initialized using 'CodeIgniter\Session\Handlers\FileHandler' driver.
DEBUG - 2026-06-18 10:27:03 --> Session: Class initialized using 'CodeIgniter\Session\Handlers\FileHandler' driver.
DEBUG - 2026-06-18 10:27:03 --> Session: Class initialized using 'CodeIgniter\Session\Handlers\FileHandler' driver.
DEBUG - 2026-06-18 10:27:03 --> Session: Class initialized using 'CodeIgniter\Session\Handlers\FileHandler' driver.
DEBUG - 2026-06-18 10:27:04 --> Session: Class initialized using 'CodeIgniter\Session\Handlers\FileHandler' driver.
DEBUG - 2026-06-18 10:27:04 --> Session: Class initialized using 'CodeIgniter\Session\Handlers\FileHandler' driver.
DEBUG - 2026-06-18 10:27:04 --> Session: Class initialized using 'CodeIgniter\Session\Handlers\FileHandler' driver.
DEBUG - 2026-06-18 10:27:04 --> Session: Class initialized using 'CodeIgniter\Session\Handlers\FileHandler' driver.
DEBUG - 2026-06-18 10:27:04 --> Session: Class initialized using 'CodeIgniter\Session\Handlers\FileHandler' driver.
DEBUG - 2026-06-18 10:27:05 --> Session: Class initialized using 'CodeIgniter\Session\Handlers\FileHandler' driver.
DEBUG - 2026-06-18 10:27:05 --> Session: Class initialized using 'CodeIgniter\Session\Handlers\FileHandler' driver.
DEBUG - 2026-06-18 10:27:05 --> Session: Class initialized using 'CodeIgniter\Session\Handlers\FileHandler' driver.
DEBUG - 2026-06-18 10:27:05 --> Session: Class initialized using 'CodeIgniter\Session\Handlers\FileHandler' driver.
DEBUG - 2026-06-18 10:27:06 --> Session: Class initialized using 'CodeIgniter\Session\Handlers\FileHandler' driver.
DEBUG - 2026-06-18 10:27:06 --> Session: Class initialized using 'CodeIgniter\Session\Handlers\FileHandler' driver.
DEBUG - 2026-06-18 10:27:06 --> Session: Class initialized using 'CodeIgniter\Session\Handlers\FileHandler' driver.
DEBUG - 2026-06-18 10:27:06 --> Session: Class initialized using 'CodeIgniter\Session\Handlers\FileHandler' driver.
DEBUG - 2026-06-18 10:27:07 --> Session: Class initialized using 'CodeIgniter\Session\Handlers\FileHandler' driver.
DEBUG - 2026-06-18 10:27:07 --> Session: Class initialized using 'CodeIgniter\Session\Handlers\FileHandler' driver.
DEBUG - 2026-06-18 10:27:07 --> Session: Class initialized using 'CodeIgniter\Session\Handlers\FileHandler' driver.
DEBUG - 2026-06-18 10:27:07 --> Session: Class initialized using 'CodeIgniter\Session\Handlers\FileHandler' driver.
DEBUG - 2026-06-18 10:27:08 --> Session: Class initialized using 'CodeIgniter\Session\Handlers\FileHandler' driver.
DEBUG - 2026-06-18 10:27:08 --> Session: Class initialized using 'CodeIgniter\Session\Handlers\FileHandler' driver.
DEBUG - 2026-06-18 10:27:08 --> Session: Class initialized using 'CodeIgniter\Session\Handlers\FileHandler' driver.
DEBUG - 2026-06-18 10:27:08 --> Session: Class initialized using 'CodeIgniter\Session\Handlers\FileHandler' driver.
DEBUG - 2026-06-18 10:27:09 --> Session: Class initialized using 'CodeIgniter\Session\Handlers\FileHandler' driver.
DEBUG - 2026-06-18 10:27:09 --> Session: Class initialized using 'CodeIgniter\Session\Handlers\FileHandler' driver.
DEBUG - 2026-06-18 10:27:09 --> Session: Class initialized using 'CodeIgniter\Session\Handlers\FileHandler' driver.
DEBUG - 2026-06-18 10:27:09 --> Session: Class initialized using 'CodeIgniter\Session\Handlers\FileHandler' driver.
DEBUG - 2026-06-18 10:27:10 --> Session: Class initialized using 'CodeIgniter\Session\Handlers\FileHandler' driver.
DEBUG - 2026-06-18 10:27:10 --> Session: Class initialized using 'CodeIgniter\Session\Handlers\FileHandler' driver.
DEBUG - 2026-06-18 10:27:10 --> Session: Class initialized using 'CodeIgniter\Session\Handlers\FileHandler' driver.
DEBUG - 2026-06-18 10:27:11 --> Session: Class initialized using 'CodeIgniter\Session\Handlers\FileHandler' driver.
DEBUG - 2026-06-18 10:27:11 --> Session: Class initialized using 'CodeIgniter\Session\Handlers\FileHandler' driver.
DEBUG - 2026-06-18 10:27:11 --> Session: Class initialized using 'CodeIgniter\Session\Handlers\FileHandler' driver.
DEBUG - 2026-06-18 10:27:11 --> Session: Class initialized using 'CodeIgniter\Session\Handlers\FileHandler' driver.
DEBUG - 2026-06-18 10:27:12 --> Session: Class initialized using 'CodeIgniter\Session\Handlers\FileHandler' driver.
DEBUG - 2026-06-18 10:27:12 --> Session: Class initialized using 'CodeIgniter\Session\Handlers\FileHandler' driver.
DEBUG - 2026-06-18 10:27:12 --> Session: Class initialized using 'CodeIgniter\Session\Handlers\FileHandler' driver.
DEBUG - 2026-06-18 10:27:13 --> Session: Class initialized using 'CodeIgniter\Session\Handlers\FileHandler' driver.
DEBUG - 2026-06-18 10:27:13 --> Session: Class initialized using 'CodeIgniter\Session\Handlers\FileHandler' driver.
DEBUG - 2026-06-18 10:27:15 --> Session: Class initialized using 'CodeIgniter\Session\Handlers\FileHandler' driver.
DEBUG - 2026-06-18 10:27:15 --> Session: Class initialized using 'CodeIgniter\Session\Handlers\FileHandler' driver.
DEBUG - 2026-06-18 10:27:15 --> Session: Class initialized using 'CodeIgniter\Session\Handlers\FileHandler' driver.
DEBUG - 2026-06-18 10:27:16 --> Session: Class initialized using 'CodeIgniter\Session\Handlers\FileHandler' driver.
DEBUG - 2026-06-18 10:27:16 --> Session: Class initialized using 'CodeIgniter\Session\Handlers\FileHandler' driver.
DEBUG - 2026-06-18 10:27:16 --> Session: Class initialized using 'CodeIgniter\Session\Handlers\FileHandler' driver.
DEBUG - 2026-06-18 10:27:17 --> Session: Class initialized using 'CodeIgniter\Session\Handlers\FileHandler' driver.
DEBUG - 2026-06-18 10:27:17 --> Session: Class initialized using 'CodeIgniter\Session\Handlers\FileHandler' driver.
DEBUG - 2026-06-18 10:27:18 --> Session: Class initialized using 'CodeIgniter\Session\Handlers\FileHandler' driver.
DEBUG - 2026-06-18 10:27:18 --> Session: Class initialized using 'CodeIgniter\Session\Handlers\FileHandler' driver.
DEBUG - 2026-06-18 10:27:18 --> Session: Class initialized using 'CodeIgniter\Session\Handlers\FileHandler' driver.
DEBUG - 2026-06-18 10:27:19 --> Session: Class initialized using 'CodeIgniter\Session\Handlers\FileHandler' driver.
DEBUG - 2026-06-18 10:27:19 --> Session: Class initialized using 'CodeIgniter\Session\Handlers\FileHandler' driver.
DEBUG - 2026-06-18 10:27:19 --> Session: Class initialized using 'CodeIgniter\Session\Handlers\FileHandler' driver.
DEBUG - 2026-06-18 10:27:20 --> Session: Class initialized using 'CodeIgniter\Session\Handlers\FileHandler' driver.
DEBUG - 2026-06-18 10:27:20 --> Session: Class initialized using 'CodeIgniter\Session\Handlers\FileHandler' driver.
DEBUG - 2026-06-18 10:27:20 --> Session: Class initialized using 'CodeIgniter\Session\Handlers\FileHandler' driver.
DEBUG - 2026-06-18 10:27:21 --> Session: Class initialized using 'CodeIgniter\Session\Handlers\FileHandler' driver.
DEBUG - 2026-06-18 10:27:21 --> Session: Class initialized using 'CodeIgniter\Session\Handlers\FileHandler' driver.
DEBUG - 2026-06-18 10:27:21 --> Session: Class initialized using 'CodeIgniter\Session\Handlers\FileHandler' driver.
DEBUG - 2026-06-18 10:27:27 --> Session: Class initialized using 'CodeIgniter\Session\Handlers\FileHandler' driver.
DEBUG - 2026-06-18 10:27:27 --> Session: Class initialized using 'CodeIgniter\Session\Handlers\FileHandler' driver.
DEBUG - 2026-06-18 10:27:27 --> Session: Class initialized using 'CodeIgniter\Session\Handlers\FileHandler' driver.
DEBUG - 2026-06-18 10:27:28 --> Session: Class initialized using 'CodeIgniter\Session\Handlers\FileHandler' driver.
DEBUG - 2026-06-18 10:27:28 --> Session: Class initialized using 'CodeIgniter\Session\Handlers\FileHandler' driver.
DEBUG - 2026-06-18 10:27:28 --> Session: Class initialized using 'CodeIgniter\Session\Handlers\FileHandler' driver.
DEBUG - 2026-06-18 10:27:28 --> Session: Class initialized using 'CodeIgniter\Session\Handlers\FileHandler' driver.
DEBUG - 2026-06-18 10:27:29 --> Session: Class initialized using 'CodeIgniter\Session\Handlers\FileHandler' driver.
DEBUG - 2026-06-18 10:27:29 --> Session: Class initialized using 'CodeIgniter\Session\Handlers\FileHandler' driver.
DEBUG - 2026-06-18 10:27:29 --> Session: Class initialized using 'CodeIgniter\Session\Handlers\FileHandler' driver.
DEBUG - 2026-06-18 10:27:30 --> Session: Class initialized using 'CodeIgniter\Session\Handlers\FileHandler' driver.
DEBUG - 2026-06-18 10:27:30 --> Session: Class initialized using 'CodeIgniter\Session\Handlers\FileHandler' driver.
DEBUG - 2026-06-18 10:27:30 --> Session: Class initialized using 'CodeIgniter\Session\Handlers\FileHandler' driver.
DEBUG - 2026-06-18 10:27:31 --> Session: Class initialized using 'CodeIgniter\Session\Handlers\FileHandler' driver.
DEBUG - 2026-06-18 10:27:31 --> Session: Class initialized using 'CodeIgniter\Session\Handlers\FileHandler' driver.
DEBUG - 2026-06-18 10:27:31 --> Session: Class initialized using 'CodeIgniter\Session\Handlers\FileHandler' driver.
DEBUG - 2026-06-18 10:27:32 --> Session: Class initialized using 'CodeIgniter\Session\Handlers\FileHandler' driver.
DEBUG - 2026-06-18 10:27:32 --> Session: Class initialized using 'CodeIgniter\Session\Handlers\FileHandler' driver.
DEBUG - 2026-06-18 10:27:32 --> Session: Class initialized using 'CodeIgniter\Session\Handlers\FileHandler' driver.
DEBUG - 2026-06-18 10:27:33 --> Session: Class initialized using 'CodeIgniter\Session\Handlers\FileHandler' driver.
DEBUG - 2026-06-18 10:29:55 --> Session: Class initialized using 'CodeIgniter\Session\Handlers\FileHandler' driver.
DEBUG - 2026-06-18 10:29:55 --> Session: Class initialized using 'CodeIgniter\Session\Handlers\FileHandler' driver.
DEBUG - 2026-06-18 10:30:03 --> Session: Class initialized using 'CodeIgniter\Session\Handlers\FileHandler' driver.
DEBUG - 2026-06-18 10:30:03 --> Session: Class initialized using 'CodeIgniter\Session\Handlers\FileHandler' driver.
DEBUG - 2026-06-18 10:30:17 --> Session: Class initialized using 'CodeIgniter\Session\Handlers\FileHandler' driver.
DEBUG - 2026-06-18 10:30:18 --> Session: Class initialized using 'CodeIgniter\Session\Handlers\FileHandler' driver.
DEBUG - 2026-06-18 10:30:19 --> Session: Class initialized using 'CodeIgniter\Session\Handlers\FileHandler' driver.
DEBUG - 2026-06-18 10:30:19 --> Session: Class initialized using 'CodeIgniter\Session\Handlers\FileHandler' driver.
DEBUG - 2026-06-18 10:30:19 --> Session: Class initialized using 'CodeIgniter\Session\Handlers\FileHandler' driver.
DEBUG - 2026-06-18 10:30:19 --> Session: Class initialized using 'CodeIgniter\Session\Handlers\FileHandler' driver.
DEBUG - 2026-06-18 10:30:20 --> Session: Class initialized using 'CodeIgniter\Session\Handlers\FileHandler' driver.
DEBUG - 2026-06-18 10:30:20 --> Session: Class initialized using 'CodeIgniter\Session\Handlers\FileHandler' driver.
DEBUG - 2026-06-18 10:30:20 --> Session: Class initialized using 'CodeIgniter\Session\Handlers\FileHandler' driver.
DEBUG - 2026-06-18 10:30:20 --> Session: Class initialized using 'CodeIgniter\Session\Handlers\FileHandler' driver.
DEBUG - 2026-06-18 10:30:21 --> Session: Class initialized using 'CodeIgniter\Session\Handlers\FileHandler' driver.
DEBUG - 2026-06-18 10:30:21 --> Session: Class initialized using 'CodeIgniter\Session\Handlers\FileHandler' driver.
DEBUG - 2026-06-18 10:30:21 --> Session: Class initialized using 'CodeIgniter\Session\Handlers\FileHandler' driver.
DEBUG - 2026-06-18 10:30:21 --> Session: Class initialized using 'CodeIgniter\Session\Handlers\FileHandler' driver.
DEBUG - 2026-06-18 10:30:22 --> Session: Class initialized using 'CodeIgniter\Session\Handlers\FileHandler' driver.
DEBUG - 2026-06-18 10:30:22 --> Session: Class initialized using 'CodeIgniter\Session\Handlers\FileHandler' driver.
DEBUG - 2026-06-18 10:30:22 --> Session: Class initialized using 'CodeIgniter\Session\Handlers\FileHandler' driver.
DEBUG - 2026-06-18 10:30:22 --> Session: Class initialized using 'CodeIgniter\Session\Handlers\FileHandler' driver.
DEBUG - 2026-06-18 10:30:23 --> Session: Class initialized using 'CodeIgniter\Session\Handlers\FileHandler' driver.
DEBUG - 2026-06-18 10:30:23 --> Session: Class initialized using 'CodeIgniter\Session\Handlers\FileHandler' driver.
DEBUG - 2026-06-18 10:30:23 --> Session: Class initialized using 'CodeIgniter\Session\Handlers\FileHandler' driver.
DEBUG - 2026-06-18 10:30:28 --> Session: Class initialized using 'CodeIgniter\Session\Handlers\FileHandler' driver.
DEBUG - 2026-06-18 10:30:29 --> Session: Class initialized using 'CodeIgniter\Session\Handlers\FileHandler' driver.
DEBUG - 2026-06-18 10:30:30 --> Session: Class initialized using 'CodeIgniter\Session\Handlers\FileHandler' driver.
DEBUG - 2026-06-18 10:30:30 --> Session: Class initialized using 'CodeIgniter\Session\Handlers\FileHandler' driver.
DEBUG - 2026-06-18 10:30:31 --> Session: Class initialized using 'CodeIgniter\Session\Handlers\FileHandler' driver.
DEBUG - 2026-06-18 10:30:31 --> Session: Class initialized using 'CodeIgniter\Session\Handlers\FileHandler' driver.
DEBUG - 2026-06-18 10:30:49 --> Session: Class initialized using 'CodeIgniter\Session\Handlers\FileHandler' driver.
DEBUG - 2026-06-18 10:30:50 --> Session: Class initialized using 'CodeIgniter\Session\Handlers\FileHandler' driver.
DEBUG - 2026-06-18 10:31:10 --> Session: Class initialized using 'CodeIgniter\Session\Handlers\FileHandler' driver.
DEBUG - 2026-06-18 10:31:12 --> Session: Class initialized using 'CodeIgniter\Session\Handlers\FileHandler' driver.
DEBUG - 2026-06-18 10:31:12 --> Session: Class initialized using 'CodeIgniter\Session\Handlers\FileHandler' driver.
DEBUG - 2026-06-18 10:31:12 --> Session: Class initialized using 'CodeIgniter\Session\Handlers\FileHandler' driver.
DEBUG - 2026-06-18 10:31:12 --> Session: Class initialized using 'CodeIgniter\Session\Handlers\FileHandler' driver.
DEBUG - 2026-06-18 10:31:13 --> Session: Class initialized using 'CodeIgniter\Session\Handlers\FileHandler' driver.
DEBUG - 2026-06-18 10:31:13 --> Session: Class initialized using 'CodeIgniter\Session\Handlers\FileHandler' driver.
DEBUG - 2026-06-18 10:31:13 --> Session: Class initialized using 'CodeIgniter\Session\Handlers\FileHandler' driver.
DEBUG - 2026-06-18 10:31:13 --> Session: Class initialized using 'CodeIgniter\Session\Handlers\FileHandler' driver.
DEBUG - 2026-06-18 10:31:13 --> Session: Class initialized using 'CodeIgniter\Session\Handlers\FileHandler' driver.
DEBUG - 2026-06-18 10:31:14 --> Session: Class initialized using 'CodeIgniter\Session\Handlers\FileHandler' driver.
DEBUG - 2026-06-18 10:31:14 --> Session: Class initialized using 'CodeIgniter\Session\Handlers\FileHandler' driver.
DEBUG - 2026-06-18 10:31:14 --> Session: Class initialized using 'CodeIgniter\Session\Handlers\FileHandler' driver.
DEBUG - 2026-06-18 10:31:14 --> Session: Class initialized using 'CodeIgniter\Session\Handlers\FileHandler' driver.
DEBUG - 2026-06-18 10:31:15 --> Session: Class initialized using 'CodeIgniter\Session\Handlers\FileHandler' driver.
DEBUG - 2026-06-18 10:31:15 --> Session: Class initialized using 'CodeIgniter\Session\Handlers\FileHandler' driver.
DEBUG - 2026-06-18 10:31:15 --> Session: Class initialized using 'CodeIgniter\Session\Handlers\FileHandler' driver.
DEBUG - 2026-06-18 10:31:16 --> Session: Class initialized using 'CodeIgniter\Session\Handlers\FileHandler' driver.
DEBUG - 2026-06-18 10:31:16 --> Session: Class initialized using 'CodeIgniter\Session\Handlers\FileHandler' driver.
DEBUG - 2026-06-18 10:31:16 --> Session: Class initialized using 'CodeIgniter\Session\Handlers\FileHandler' driver.
DEBUG - 2026-06-18 10:31:16 --> Session: Class initialized using 'CodeIgniter\Session\Handlers\FileHandler' driver.
DEBUG - 2026-06-18 10:31:18 --> Session: Class initialized using 'CodeIgniter\Session\Handlers\FileHandler' driver.
DEBUG - 2026-06-18 10:31:18 --> Session: Class initialized using 'CodeIgniter\Session\Handlers\FileHandler' driver.
DEBUG - 2026-06-18 10:31:18 --> Session: Class initialized using 'CodeIgniter\Session\Handlers\FileHandler' driver.
DEBUG - 2026-06-18 10:31:18 --> Session: Class initialized using 'CodeIgniter\Session\Handlers\FileHandler' driver.
DEBUG - 2026-06-18 10:31:19 --> Session: Class initialized using 'CodeIgniter\Session\Handlers\FileHandler' driver.
DEBUG - 2026-06-18 10:31:19 --> Session: Class initialized using 'CodeIgniter\Session\Handlers\FileHandler' driver.
DEBUG - 2026-06-18 10:31:19 --> Session: Class initialized using 'CodeIgniter\Session\Handlers\FileHandler' driver.
DEBUG - 2026-06-18 10:31:19 --> Session: Class initialized using 'CodeIgniter\Session\Handlers\FileHandler' driver.
DEBUG - 2026-06-18 10:31:20 --> Session: Class initialized using 'CodeIgniter\Session\Handlers\FileHandler' driver.
DEBUG - 2026-06-18 10:31:20 --> Session: Class initialized using 'CodeIgniter\Session\Handlers\FileHandler' driver.
DEBUG - 2026-06-18 10:31:20 --> Session: Class initialized using 'CodeIgniter\Session\Handlers\FileHandler' driver.
DEBUG - 2026-06-18 10:31:20 --> Session: Class initialized using 'CodeIgniter\Session\Handlers\FileHandler' driver.
DEBUG - 2026-06-18 10:31:21 --> Session: Class initialized using 'CodeIgniter\Session\Handlers\FileHandler' driver.
DEBUG - 2026-06-18 10:31:21 --> Session: Class initialized using 'CodeIgniter\Session\Handlers\FileHandler' driver.
DEBUG - 2026-06-18 10:31:21 --> Session: Class initialized using 'CodeIgniter\Session\Handlers\FileHandler' driver.
DEBUG - 2026-06-18 10:31:21 --> Session: Class initialized using 'CodeIgniter\Session\Handlers\FileHandler' driver.
DEBUG - 2026-06-18 10:31:22 --> Session: Class initialized using 'CodeIgniter\Session\Handlers\FileHandler' driver.
DEBUG - 2026-06-18 10:31:22 --> Session: Class initialized using 'CodeIgniter\Session\Handlers\FileHandler' driver.
DEBUG - 2026-06-18 10:31:22 --> Session: Class initialized using 'CodeIgniter\Session\Handlers\FileHandler' driver.
DEBUG - 2026-06-18 10:31:22 --> Session: Class initialized using 'CodeIgniter\Session\Handlers\FileHandler' driver.
DEBUG - 2026-06-18 10:32:31 --> Session: Class initialized using 'CodeIgniter\Session\Handlers\FileHandler' driver.
DEBUG - 2026-06-18 10:32:31 --> Session: Class initialized using 'CodeIgniter\Session\Handlers\FileHandler' driver.
DEBUG - 2026-06-18 10:32:31 --> Session: Class initialized using 'CodeIgniter\Session\Handlers\FileHandler' driver.
DEBUG - 2026-06-18 10:32:32 --> Session: Class initialized using 'CodeIgniter\Session\Handlers\FileHandler' driver.
DEBUG - 2026-06-18 10:32:32 --> Session: Class initialized using 'CodeIgniter\Session\Handlers\FileHandler' driver.
DEBUG - 2026-06-18 10:32:32 --> Session: Class initialized using 'CodeIgniter\Session\Handlers\FileHandler' driver.
DEBUG - 2026-06-18 10:32:32 --> Session: Class initialized using 'CodeIgniter\Session\Handlers\FileHandler' driver.
DEBUG - 2026-06-18 10:32:32 --> Session: Class initialized using 'CodeIgniter\Session\Handlers\FileHandler' driver.
DEBUG - 2026-06-18 10:32:33 --> Session: Class initialized using 'CodeIgniter\Session\Handlers\FileHandler' driver.
DEBUG - 2026-06-18 10:32:33 --> Session: Class initialized using 'CodeIgniter\Session\Handlers\FileHandler' driver.
DEBUG - 2026-06-18 10:32:33 --> Session: Class initialized using 'CodeIgniter\Session\Handlers\FileHandler' driver.
DEBUG - 2026-06-18 10:32:34 --> Session: Class initialized using 'CodeIgniter\Session\Handlers\FileHandler' driver.
DEBUG - 2026-06-18 10:32:34 --> Session: Class initialized using 'CodeIgniter\Session\Handlers\FileHandler' driver.
DEBUG - 2026-06-18 10:32:34 --> Session: Class initialized using 'CodeIgniter\Session\Handlers\FileHandler' driver.
DEBUG - 2026-06-18 10:32:34 --> Session: Class initialized using 'CodeIgniter\Session\Handlers\FileHandler' driver.
DEBUG - 2026-06-18 10:32:34 --> Session: Class initialized using 'CodeIgniter\Session\Handlers\FileHandler' driver.
DEBUG - 2026-06-18 10:32:35 --> Session: Class initialized using 'CodeIgniter\Session\Handlers\FileHandler' driver.
DEBUG - 2026-06-18 10:32:35 --> Session: Class initialized using 'CodeIgniter\Session\Handlers\FileHandler' driver.
DEBUG - 2026-06-18 10:32:35 --> Session: Class initialized using 'CodeIgniter\Session\Handlers\FileHandler' driver.
DEBUG - 2026-06-18 10:32:35 --> Session: Class initialized using 'CodeIgniter\Session\Handlers\FileHandler' driver.
DEBUG - 2026-06-18 10:33:16 --> Session: Class initialized using 'CodeIgniter\Session\Handlers\FileHandler' driver.
DEBUG - 2026-06-18 10:33:16 --> Session: Class initialized using 'CodeIgniter\Session\Handlers\FileHandler' driver.
DEBUG - 2026-06-18 10:33:17 --> Session: Class initialized using 'CodeIgniter\Session\Handlers\FileHandler' driver.
DEBUG - 2026-06-18 10:33:17 --> Session: Class initialized using 'CodeIgniter\Session\Handlers\FileHandler' driver.
DEBUG - 2026-06-18 10:33:17 --> Session: Class initialized using 'CodeIgniter\Session\Handlers\FileHandler' driver.
DEBUG - 2026-06-18 10:33:17 --> Session: Class initialized using 'CodeIgniter\Session\Handlers\FileHandler' driver.
DEBUG - 2026-06-18 10:33:18 --> Session: Class initialized using 'CodeIgniter\Session\Handlers\FileHandler' driver.
DEBUG - 2026-06-18 10:33:18 --> Session: Class initialized using 'CodeIgniter\Session\Handlers\FileHandler' driver.
DEBUG - 2026-06-18 10:33:18 --> Session: Class initialized using 'CodeIgniter\Session\Handlers\FileHandler' driver.
DEBUG - 2026-06-18 10:33:18 --> Session: Class initialized using 'CodeIgniter\Session\Handlers\FileHandler' driver.
DEBUG - 2026-06-18 10:33:19 --> Session: Class initialized using 'CodeIgniter\Session\Handlers\FileHandler' driver.
DEBUG - 2026-06-18 10:33:19 --> Session: Class initialized using 'CodeIgniter\Session\Handlers\FileHandler' driver.
DEBUG - 2026-06-18 10:33:19 --> Session: Class initialized using 'CodeIgniter\Session\Handlers\FileHandler' driver.
DEBUG - 2026-06-18 10:33:19 --> Session: Class initialized using 'CodeIgniter\Session\Handlers\FileHandler' driver.
DEBUG - 2026-06-18 10:33:20 --> Session: Class initialized using 'CodeIgniter\Session\Handlers\FileHandler' driver.
DEBUG - 2026-06-18 10:33:20 --> Session: Class initialized using 'CodeIgniter\Session\Handlers\FileHandler' driver.
DEBUG - 2026-06-18 10:33:20 --> Session: Class initialized using 'CodeIgniter\Session\Handlers\FileHandler' driver.
DEBUG - 2026-06-18 10:33:20 --> Session: Class initialized using 'CodeIgniter\Session\Handlers\FileHandler' driver.
DEBUG - 2026-06-18 10:33:21 --> Session: Class initialized using 'CodeIgniter\Session\Handlers\FileHandler' driver.
DEBUG - 2026-06-18 10:33:21 --> Session: Class initialized using 'CodeIgniter\Session\Handlers\FileHandler' driver.
DEBUG - 2026-06-18 10:59:04 --> Session: Class initialized using 'CodeIgniter\Session\Handlers\FileHandler' driver.
DEBUG - 2026-06-18 10:59:04 --> Session: Class initialized using 'CodeIgniter\Session\Handlers\FileHandler' driver.
DEBUG - 2026-06-18 10:59:04 --> Session: Class initialized using 'CodeIgniter\Session\Handlers\FileHandler' driver.
DEBUG - 2026-06-18 10:59:05 --> Session: Class initialized using 'CodeIgniter\Session\Handlers\FileHandler' driver.
DEBUG - 2026-06-18 10:59:05 --> Session: Class initialized using 'CodeIgniter\Session\Handlers\FileHandler' driver.
DEBUG - 2026-06-18 10:59:05 --> Session: Class initialized using 'CodeIgniter\Session\Handlers\FileHandler' driver.
DEBUG - 2026-06-18 10:59:06 --> Session: Class initialized using 'CodeIgniter\Session\Handlers\FileHandler' driver.
DEBUG - 2026-06-18 10:59:06 --> Session: Class initialized using 'CodeIgniter\Session\Handlers\FileHandler' driver.
DEBUG - 2026-06-18 10:59:06 --> Session: Class initialized using 'CodeIgniter\Session\Handlers\FileHandler' driver.
DEBUG - 2026-06-18 10:59:07 --> Session: Class initialized using 'CodeIgniter\Session\Handlers\FileHandler' driver.
DEBUG - 2026-06-18 10:59:07 --> Session: Class initialized using 'CodeIgniter\Session\Handlers\FileHandler' driver.
DEBUG - 2026-06-18 10:59:07 --> Session: Class initialized using 'CodeIgniter\Session\Handlers\FileHandler' driver.
DEBUG - 2026-06-18 10:59:07 --> Session: Class initialized using 'CodeIgniter\Session\Handlers\FileHandler' driver.
DEBUG - 2026-06-18 10:59:08 --> Session: Class initialized using 'CodeIgniter\Session\Handlers\FileHandler' driver.
DEBUG - 2026-06-18 10:59:08 --> Session: Class initialized using 'CodeIgniter\Session\Handlers\FileHandler' driver.
DEBUG - 2026-06-18 10:59:08 --> Session: Class initialized using 'CodeIgniter\Session\Handlers\FileHandler' driver.
DEBUG - 2026-06-18 10:59:09 --> Session: Class initialized using 'CodeIgniter\Session\Handlers\FileHandler' driver.
DEBUG - 2026-06-18 10:59:09 --> Session: Class initialized using 'CodeIgniter\Session\Handlers\FileHandler' driver.
DEBUG - 2026-06-18 10:59:09 --> Session: Class initialized using 'CodeIgniter\Session\Handlers\FileHandler' driver.
DEBUG - 2026-06-18 10:59:10 --> Session: Class initialized using 'CodeIgniter\Session\Handlers\FileHandler' driver.
DEBUG - 2026-06-18 10:59:11 --> Session: Class initialized using 'CodeIgniter\Session\Handlers\FileHandler' driver.
DEBUG - 2026-06-18 10:59:11 --> Session: Class initialized using 'CodeIgniter\Session\Handlers\FileHandler' driver.
DEBUG - 2026-06-18 10:59:12 --> Session: Class initialized using 'CodeIgniter\Session\Handlers\FileHandler' driver.
DEBUG - 2026-06-18 10:59:12 --> Session: Class initialized using 'CodeIgniter\Session\Handlers\FileHandler' driver.
DEBUG - 2026-06-18 10:59:12 --> Session: Class initialized using 'CodeIgniter\Session\Handlers\FileHandler' driver.
DEBUG - 2026-06-18 10:59:13 --> Session: Class initialized using 'CodeIgniter\Session\Handlers\FileHandler' driver.
DEBUG - 2026-06-18 10:59:13 --> Session: Class initialized using 'CodeIgniter\Session\Handlers\FileHandler' driver.
DEBUG - 2026-06-18 10:59:13 --> Session: Class initialized using 'CodeIgniter\Session\Handlers\FileHandler' driver.
DEBUG - 2026-06-18 10:59:14 --> Session: Class initialized using 'CodeIgniter\Session\Handlers\FileHandler' driver.
DEBUG - 2026-06-18 10:59:14 --> Session: Class initialized using 'CodeIgniter\Session\Handlers\FileHandler' driver.
DEBUG - 2026-06-18 10:59:14 --> Session: Class initialized using 'CodeIgniter\Session\Handlers\FileHandler' driver.
DEBUG - 2026-06-18 10:59:14 --> Session: Class initialized using 'CodeIgniter\Session\Handlers\FileHandler' driver.
DEBUG - 2026-06-18 10:59:15 --> Session: Class initialized using 'CodeIgniter\Session\Handlers\FileHandler' driver.
DEBUG - 2026-06-18 10:59:15 --> Session: Class initialized using 'CodeIgniter\Session\Handlers\FileHandler' driver.
DEBUG - 2026-06-18 10:59:15 --> Session: Class initialized using 'CodeIgniter\Session\Handlers\FileHandler' driver.
DEBUG - 2026-06-18 10:59:16 --> Session: Class initialized using 'CodeIgniter\Session\Handlers\FileHandler' driver.
DEBUG - 2026-06-18 10:59:16 --> Session: Class initialized using 'CodeIgniter\Session\Handlers\FileHandler' driver.
DEBUG - 2026-06-18 10:59:16 --> Session: Class initialized using 'CodeIgniter\Session\Handlers\FileHandler' driver.
DEBUG - 2026-06-18 10:59:17 --> Session: Class initialized using 'CodeIgniter\Session\Handlers\FileHandler' driver.
DEBUG - 2026-06-18 10:59:17 --> Session: Class initialized using 'CodeIgniter\Session\Handlers\FileHandler' driver.
DEBUG - 2026-06-18 10:59:22 --> Session: Class initialized using 'CodeIgniter\Session\Handlers\FileHandler' driver.
DEBUG - 2026-06-18 10:59:23 --> Session: Class initialized using 'CodeIgniter\Session\Handlers\FileHandler' driver.
DEBUG - 2026-06-18 10:59:23 --> Session: Class initialized using 'CodeIgniter\Session\Handlers\FileHandler' driver.
DEBUG - 2026-06-18 10:59:23 --> Session: Class initialized using 'CodeIgniter\Session\Handlers\FileHandler' driver.
DEBUG - 2026-06-18 10:59:24 --> Session: Class initialized using 'CodeIgniter\Session\Handlers\FileHandler' driver.
DEBUG - 2026-06-18 10:59:24 --> Session: Class initialized using 'CodeIgniter\Session\Handlers\FileHandler' driver.
DEBUG - 2026-06-18 10:59:24 --> Session: Class initialized using 'CodeIgniter\Session\Handlers\FileHandler' driver.
DEBUG - 2026-06-18 10:59:24 --> Session: Class initialized using 'CodeIgniter\Session\Handlers\FileHandler' driver.
DEBUG - 2026-06-18 10:59:25 --> Session: Class initialized using 'CodeIgniter\Session\Handlers\FileHandler' driver.
DEBUG - 2026-06-18 10:59:25 --> Session: Class initialized using 'CodeIgniter\Session\Handlers\FileHandler' driver.
DEBUG - 2026-06-18 10:59:25 --> Session: Class initialized using 'CodeIgniter\Session\Handlers\FileHandler' driver.
DEBUG - 2026-06-18 10:59:26 --> Session: Class initialized using 'CodeIgniter\Session\Handlers\FileHandler' driver.
DEBUG - 2026-06-18 10:59:26 --> Session: Class initialized using 'CodeIgniter\Session\Handlers\FileHandler' driver.
DEBUG - 2026-06-18 10:59:26 --> Session: Class initialized using 'CodeIgniter\Session\Handlers\FileHandler' driver.
DEBUG - 2026-06-18 10:59:26 --> Session: Class initialized using 'CodeIgniter\Session\Handlers\FileHandler' driver.
DEBUG - 2026-06-18 10:59:27 --> Session: Class initialized using 'CodeIgniter\Session\Handlers\FileHandler' driver.
DEBUG - 2026-06-18 10:59:27 --> Session: Class initialized using 'CodeIgniter\Session\Handlers\FileHandler' driver.
DEBUG - 2026-06-18 10:59:27 --> Session: Class initialized using 'CodeIgniter\Session\Handlers\FileHandler' driver.
DEBUG - 2026-06-18 10:59:27 --> Session: Class initialized using 'CodeIgniter\Session\Handlers\FileHandler' driver.
DEBUG - 2026-06-18 10:59:28 --> Session: Class initialized using 'CodeIgniter\Session\Handlers\FileHandler' driver.
DEBUG - 2026-06-18 10:59:31 --> Session: Class initialized using 'CodeIgniter\Session\Handlers\FileHandler' driver.
DEBUG - 2026-06-18 10:59:32 --> Session: Class initialized using 'CodeIgniter\Session\Handlers\FileHandler' driver.
DEBUG - 2026-06-18 10:59:32 --> Session: Class initialized using 'CodeIgniter\Session\Handlers\FileHandler' driver.
DEBUG - 2026-06-18 10:59:32 --> Session: Class initialized using 'CodeIgniter\Session\Handlers\FileHandler' driver.
DEBUG - 2026-06-18 10:59:33 --> Session: Class initialized using 'CodeIgniter\Session\Handlers\FileHandler' driver.
DEBUG - 2026-06-18 10:59:33 --> Session: Class initialized using 'CodeIgniter\Session\Handlers\FileHandler' driver.
DEBUG - 2026-06-18 10:59:33 --> Session: Class initialized using 'CodeIgniter\Session\Handlers\FileHandler' driver.
DEBUG - 2026-06-18 10:59:33 --> Session: Class initialized using 'CodeIgniter\Session\Handlers\FileHandler' driver.
DEBUG - 2026-06-18 10:59:34 --> Session: Class initialized using 'CodeIgniter\Session\Handlers\FileHandler' driver.
DEBUG - 2026-06-18 10:59:34 --> Session: Class initialized using 'CodeIgniter\Session\Handlers\FileHandler' driver.
DEBUG - 2026-06-18 10:59:34 --> Session: Class initialized using 'CodeIgniter\Session\Handlers\FileHandler' driver.
DEBUG - 2026-06-18 10:59:35 --> Session: Class initialized using 'CodeIgniter\Session\Handlers\FileHandler' driver.
DEBUG - 2026-06-18 10:59:35 --> Session: Class initialized using 'CodeIgniter\Session\Handlers\FileHandler' driver.
DEBUG - 2026-06-18 10:59:35 --> Session: Class initialized using 'CodeIgniter\Session\Handlers\FileHandler' driver.
DEBUG - 2026-06-18 10:59:36 --> Session: Class initialized using 'CodeIgniter\Session\Handlers\FileHandler' driver.
DEBUG - 2026-06-18 10:59:36 --> Session: Class initialized using 'CodeIgniter\Session\Handlers\FileHandler' driver.
DEBUG - 2026-06-18 10:59:36 --> Session: Class initialized using 'CodeIgniter\Session\Handlers\FileHandler' driver.
DEBUG - 2026-06-18 10:59:37 --> Session: Class initialized using 'CodeIgniter\Session\Handlers\FileHandler' driver.
DEBUG - 2026-06-18 10:59:37 --> Session: Class initialized using 'CodeIgniter\Session\Handlers\FileHandler' driver.
DEBUG - 2026-06-18 10:59:37 --> Session: Class initialized using 'CodeIgniter\Session\Handlers\FileHandler' driver.
DEBUG - 2026-06-18 10:59:38 --> Session: Class initialized using 'CodeIgniter\Session\Handlers\FileHandler' driver.
DEBUG - 2026-06-18 10:59:38 --> Session: Class initialized using 'CodeIgniter\Session\Handlers\FileHandler' driver.
DEBUG - 2026-06-18 10:59:38 --> Session: Class initialized using 'CodeIgniter\Session\Handlers\FileHandler' driver.
DEBUG - 2026-06-18 10:59:39 --> Session: Class initialized using 'CodeIgniter\Session\Handlers\FileHandler' driver.
DEBUG - 2026-06-18 10:59:39 --> Session: Class initialized using 'CodeIgniter\Session\Handlers\FileHandler' driver.
DEBUG - 2026-06-18 10:59:39 --> Session: Class initialized using 'CodeIgniter\Session\Handlers\FileHandler' driver.
DEBUG - 2026-06-18 10:59:40 --> Session: Class initialized using 'CodeIgniter\Session\Handlers\FileHandler' driver.
DEBUG - 2026-06-18 10:59:40 --> Session: Class initialized using 'CodeIgniter\Session\Handlers\FileHandler' driver.
DEBUG - 2026-06-18 10:59:40 --> Session: Class initialized using 'CodeIgniter\Session\Handlers\FileHandler' driver.
DEBUG - 2026-06-18 10:59:40 --> Session: Class initialized using 'CodeIgniter\Session\Handlers\FileHandler' driver.
DEBUG - 2026-06-18 10:59:41 --> Session: Class initialized using 'CodeIgniter\Session\Handlers\FileHandler' driver.
DEBUG - 2026-06-18 10:59:41 --> Session: Class initialized using 'CodeIgniter\Session\Handlers\FileHandler' driver.
DEBUG - 2026-06-18 10:59:41 --> Session: Class initialized using 'CodeIgniter\Session\Handlers\FileHandler' driver.
DEBUG - 2026-06-18 10:59:41 --> Session: Class initialized using 'CodeIgniter\Session\Handlers\FileHandler' driver.
DEBUG - 2026-06-18 10:59:42 --> Session: Class initialized using 'CodeIgniter\Session\Handlers\FileHandler' driver.
DEBUG - 2026-06-18 10:59:42 --> Session: Class initialized using 'CodeIgniter\Session\Handlers\FileHandler' driver.
DEBUG - 2026-06-18 10:59:42 --> Session: Class initialized using 'CodeIgniter\Session\Handlers\FileHandler' driver.
DEBUG - 2026-06-18 10:59:42 --> Session: Class initialized using 'CodeIgniter\Session\Handlers\FileHandler' driver.
DEBUG - 2026-06-18 11:00:11 --> Session: Class initialized using 'CodeIgniter\Session\Handlers\FileHandler' driver.
DEBUG - 2026-06-18 11:00:12 --> Session: Class initialized using 'CodeIgniter\Session\Handlers\FileHandler' driver.
DEBUG - 2026-06-18 11:00:12 --> Session: Class initialized using 'CodeIgniter\Session\Handlers\FileHandler' driver.
DEBUG - 2026-06-18 11:00:13 --> Session: Class initialized using 'CodeIgniter\Session\Handlers\FileHandler' driver.
DEBUG - 2026-06-18 11:00:13 --> Session: Class initialized using 'CodeIgniter\Session\Handlers\FileHandler' driver.
DEBUG - 2026-06-18 11:00:13 --> Session: Class initialized using 'CodeIgniter\Session\Handlers\FileHandler' driver.
DEBUG - 2026-06-18 11:00:14 --> Session: Class initialized using 'CodeIgniter\Session\Handlers\FileHandler' driver.
DEBUG - 2026-06-18 11:00:14 --> Session: Class initialized using 'CodeIgniter\Session\Handlers\FileHandler' driver.
DEBUG - 2026-06-18 11:00:14 --> Session: Class initialized using 'CodeIgniter\Session\Handlers\FileHandler' driver.
DEBUG - 2026-06-18 11:00:15 --> Session: Class initialized using 'CodeIgniter\Session\Handlers\FileHandler' driver.
DEBUG - 2026-06-18 11:00:15 --> Session: Class initialized using 'CodeIgniter\Session\Handlers\FileHandler' driver.
DEBUG - 2026-06-18 11:00:15 --> Session: Class initialized using 'CodeIgniter\Session\Handlers\FileHandler' driver.
DEBUG - 2026-06-18 11:00:15 --> Session: Class initialized using 'CodeIgniter\Session\Handlers\FileHandler' driver.
DEBUG - 2026-06-18 11:00:16 --> Session: Class initialized using 'CodeIgniter\Session\Handlers\FileHandler' driver.
DEBUG - 2026-06-18 11:00:16 --> Session: Class initialized using 'CodeIgniter\Session\Handlers\FileHandler' driver.
DEBUG - 2026-06-18 11:00:16 --> Session: Class initialized using 'CodeIgniter\Session\Handlers\FileHandler' driver.
DEBUG - 2026-06-18 11:00:17 --> Session: Class initialized using 'CodeIgniter\Session\Handlers\FileHandler' driver.
DEBUG - 2026-06-18 11:00:17 --> Session: Class initialized using 'CodeIgniter\Session\Handlers\FileHandler' driver.
DEBUG - 2026-06-18 11:00:17 --> Session: Class initialized using 'CodeIgniter\Session\Handlers\FileHandler' driver.
DEBUG - 2026-06-18 11:00:18 --> Session: Class initialized using 'CodeIgniter\Session\Handlers\FileHandler' driver.
DEBUG - 2026-06-18 11:00:18 --> Session: Class initialized using 'CodeIgniter\Session\Handlers\FileHandler' driver.
DEBUG - 2026-06-18 11:00:18 --> Session: Class initialized using 'CodeIgniter\Session\Handlers\FileHandler' driver.
DEBUG - 2026-06-18 11:00:18 --> Session: Class initialized using 'CodeIgniter\Session\Handlers\FileHandler' driver.
DEBUG - 2026-06-18 11:00:19 --> Session: Class initialized using 'CodeIgniter\Session\Handlers\FileHandler' driver.
DEBUG - 2026-06-18 11:00:19 --> Session: Class initialized using 'CodeIgniter\Session\Handlers\FileHandler' driver.
DEBUG - 2026-06-18 11:00:19 --> Session: Class initialized using 'CodeIgniter\Session\Handlers\FileHandler' driver.
DEBUG - 2026-06-18 11:00:19 --> Session: Class initialized using 'CodeIgniter\Session\Handlers\FileHandler' driver.
DEBUG - 2026-06-18 11:00:20 --> Session: Class initialized using 'CodeIgniter\Session\Handlers\FileHandler' driver.
DEBUG - 2026-06-18 11:00:20 --> Session: Class initialized using 'CodeIgniter\Session\Handlers\FileHandler' driver.
DEBUG - 2026-06-18 11:00:20 --> Session: Class initialized using 'CodeIgniter\Session\Handlers\FileHandler' driver.
DEBUG - 2026-06-18 11:00:20 --> Session: Class initialized using 'CodeIgniter\Session\Handlers\FileHandler' driver.
DEBUG - 2026-06-18 11:00:21 --> Session: Class initialized using 'CodeIgniter\Session\Handlers\FileHandler' driver.
DEBUG - 2026-06-18 11:00:21 --> Session: Class initialized using 'CodeIgniter\Session\Handlers\FileHandler' driver.
DEBUG - 2026-06-18 11:00:21 --> Session: Class initialized using 'CodeIgniter\Session\Handlers\FileHandler' driver.
DEBUG - 2026-06-18 11:00:21 --> Session: Class initialized using 'CodeIgniter\Session\Handlers\FileHandler' driver.
DEBUG - 2026-06-18 11:00:22 --> Session: Class initialized using 'CodeIgniter\Session\Handlers\FileHandler' driver.
DEBUG - 2026-06-18 11:00:22 --> Session: Class initialized using 'CodeIgniter\Session\Handlers\FileHandler' driver.
DEBUG - 2026-06-18 11:00:22 --> Session: Class initialized using 'CodeIgniter\Session\Handlers\FileHandler' driver.
DEBUG - 2026-06-18 11:00:22 --> Session: Class initialized using 'CodeIgniter\Session\Handlers\FileHandler' driver.
DEBUG - 2026-06-18 11:00:23 --> Session: Class initialized using 'CodeIgniter\Session\Handlers\FileHandler' driver.
DEBUG - 2026-06-18 11:00:27 --> Session: Class initialized using 'CodeIgniter\Session\Handlers\FileHandler' driver.
DEBUG - 2026-06-18 11:00:27 --> Session: Class initialized using 'CodeIgniter\Session\Handlers\FileHandler' driver.
DEBUG - 2026-06-18 11:00:28 --> Session: Class initialized using 'CodeIgniter\Session\Handlers\FileHandler' driver.
DEBUG - 2026-06-18 11:00:28 --> Session: Class initialized using 'CodeIgniter\Session\Handlers\FileHandler' driver.
DEBUG - 2026-06-18 11:00:28 --> Session: Class initialized using 'CodeIgniter\Session\Handlers\FileHandler' driver.
DEBUG - 2026-06-18 11:00:29 --> Session: Class initialized using 'CodeIgniter\Session\Handlers\FileHandler' driver.
DEBUG - 2026-06-18 11:00:29 --> Session: Class initialized using 'CodeIgniter\Session\Handlers\FileHandler' driver.
DEBUG - 2026-06-18 11:00:29 --> Session: Class initialized using 'CodeIgniter\Session\Handlers\FileHandler' driver.
DEBUG - 2026-06-18 11:00:30 --> Session: Class initialized using 'CodeIgniter\Session\Handlers\FileHandler' driver.
DEBUG - 2026-06-18 11:00:30 --> Session: Class initialized using 'CodeIgniter\Session\Handlers\FileHandler' driver.
DEBUG - 2026-06-18 11:00:30 --> Session: Class initialized using 'CodeIgniter\Session\Handlers\FileHandler' driver.
DEBUG - 2026-06-18 11:00:31 --> Session: Class initialized using 'CodeIgniter\Session\Handlers\FileHandler' driver.
DEBUG - 2026-06-18 11:00:31 --> Session: Class initialized using 'CodeIgniter\Session\Handlers\FileHandler' driver.
DEBUG - 2026-06-18 11:00:31 --> Session: Class initialized using 'CodeIgniter\Session\Handlers\FileHandler' driver.
DEBUG - 2026-06-18 11:00:31 --> Session: Class initialized using 'CodeIgniter\Session\Handlers\FileHandler' driver.
DEBUG - 2026-06-18 11:00:32 --> Session: Class initialized using 'CodeIgniter\Session\Handlers\FileHandler' driver.
DEBUG - 2026-06-18 11:00:32 --> Session: Class initialized using 'CodeIgniter\Session\Handlers\FileHandler' driver.
DEBUG - 2026-06-18 11:00:32 --> Session: Class initialized using 'CodeIgniter\Session\Handlers\FileHandler' driver.
DEBUG - 2026-06-18 11:00:33 --> Session: Class initialized using 'CodeIgniter\Session\Handlers\FileHandler' driver.
DEBUG - 2026-06-18 11:00:33 --> Session: Class initialized using 'CodeIgniter\Session\Handlers\FileHandler' driver.
DEBUG - 2026-06-18 11:00:41 --> Session: Class initialized using 'CodeIgniter\Session\Handlers\FileHandler' driver.
DEBUG - 2026-06-18 11:00:52 --> Session: Class initialized using 'CodeIgniter\Session\Handlers\FileHandler' driver.
DEBUG - 2026-06-18 11:00:59 --> Session: Class initialized using 'CodeIgniter\Session\Handlers\FileHandler' driver.
DEBUG - 2026-06-18 11:01:00 --> Session: Class initialized using 'CodeIgniter\Session\Handlers\FileHandler' driver.
DEBUG - 2026-06-18 11:01:00 --> Session: Class initialized using 'CodeIgniter\Session\Handlers\FileHandler' driver.
DEBUG - 2026-06-18 11:01:00 --> Session: Class initialized using 'CodeIgniter\Session\Handlers\FileHandler' driver.
DEBUG - 2026-06-18 11:01:01 --> Session: Class initialized using 'CodeIgniter\Session\Handlers\FileHandler' driver.
DEBUG - 2026-06-18 11:01:01 --> Session: Class initialized using 'CodeIgniter\Session\Handlers\FileHandler' driver.
DEBUG - 2026-06-18 11:01:01 --> Session: Class initialized using 'CodeIgniter\Session\Handlers\FileHandler' driver.
DEBUG - 2026-06-18 11:01:02 --> Session: Class initialized using 'CodeIgniter\Session\Handlers\FileHandler' driver.
DEBUG - 2026-06-18 11:01:02 --> Session: Class initialized using 'CodeIgniter\Session\Handlers\FileHandler' driver.
DEBUG - 2026-06-18 11:01:02 --> Session: Class initialized using 'CodeIgniter\Session\Handlers\FileHandler' driver.
DEBUG - 2026-06-18 11:01:03 --> Session: Class initialized using 'CodeIgniter\Session\Handlers\FileHandler' driver.
DEBUG - 2026-06-18 11:01:03 --> Session: Class initialized using 'CodeIgniter\Session\Handlers\FileHandler' driver.
DEBUG - 2026-06-18 11:01:03 --> Session: Class initialized using 'CodeIgniter\Session\Handlers\FileHandler' driver.
DEBUG - 2026-06-18 11:01:04 --> Session: Class initialized using 'CodeIgniter\Session\Handlers\FileHandler' driver.
DEBUG - 2026-06-18 11:01:04 --> Session: Class initialized using 'CodeIgniter\Session\Handlers\FileHandler' driver.
DEBUG - 2026-06-18 11:01:04 --> Session: Class initialized using 'CodeIgniter\Session\Handlers\FileHandler' driver.
DEBUG - 2026-06-18 11:01:05 --> Session: Class initialized using 'CodeIgniter\Session\Handlers\FileHandler' driver.
DEBUG - 2026-06-18 11:01:05 --> Session: Class initialized using 'CodeIgniter\Session\Handlers\FileHandler' driver.
DEBUG - 2026-06-18 11:01:05 --> Session: Class initialized using 'CodeIgniter\Session\Handlers\FileHandler' driver.
DEBUG - 2026-06-18 11:01:06 --> Session: Class initialized using 'CodeIgniter\Session\Handlers\FileHandler' driver.
DEBUG - 2026-06-18 11:01:06 --> Session: Class initialized using 'CodeIgniter\Session\Handlers\FileHandler' driver.
DEBUG - 2026-06-18 11:01:10 --> Session: Class initialized using 'CodeIgniter\Session\Handlers\FileHandler' driver.
DEBUG - 2026-06-18 11:01:11 --> Session: Class initialized using 'CodeIgniter\Session\Handlers\FileHandler' driver.
DEBUG - 2026-06-18 11:01:12 --> Session: Class initialized using 'CodeIgniter\Session\Handlers\FileHandler' driver.
DEBUG - 2026-06-18 11:01:13 --> Session: Class initialized using 'CodeIgniter\Session\Handlers\FileHandler' driver.
DEBUG - 2026-06-18 11:01:14 --> Session: Class initialized using 'CodeIgniter\Session\Handlers\FileHandler' driver.
DEBUG - 2026-06-18 11:01:15 --> Session: Class initialized using 'CodeIgniter\Session\Handlers\FileHandler' driver.
DEBUG - 2026-06-18 11:01:22 --> Session: Class initialized using 'CodeIgniter\Session\Handlers\FileHandler' driver.
DEBUG - 2026-06-18 11:01:22 --> Session: Class initialized using 'CodeIgniter\Session\Handlers\FileHandler' driver.
DEBUG - 2026-06-18 11:01:33 --> Session: Class initialized using 'CodeIgniter\Session\Handlers\FileHandler' driver.
DEBUG - 2026-06-18 11:01:34 --> Session: Class initialized using 'CodeIgniter\Session\Handlers\FileHandler' driver.
DEBUG - 2026-06-18 11:01:35 --> Session: Class initialized using 'CodeIgniter\Session\Handlers\FileHandler' driver.
DEBUG - 2026-06-18 11:01:35 --> Session: Class initialized using 'CodeIgniter\Session\Handlers\FileHandler' driver.
DEBUG - 2026-06-18 11:01:35 --> Session: Class initialized using 'CodeIgniter\Session\Handlers\FileHandler' driver.
DEBUG - 2026-06-18 11:01:36 --> Session: Class initialized using 'CodeIgniter\Session\Handlers\FileHandler' driver.
DEBUG - 2026-06-18 11:01:36 --> Session: Class initialized using 'CodeIgniter\Session\Handlers\FileHandler' driver.
DEBUG - 2026-06-18 11:01:36 --> Session: Class initialized using 'CodeIgniter\Session\Handlers\FileHandler' driver.
DEBUG - 2026-06-18 11:01:36 --> Session: Class initialized using 'CodeIgniter\Session\Handlers\FileHandler' driver.
DEBUG - 2026-06-18 11:01:37 --> Session: Class initialized using 'CodeIgniter\Session\Handlers\FileHandler' driver.
DEBUG - 2026-06-18 11:01:37 --> Session: Class initialized using 'CodeIgniter\Session\Handlers\FileHandler' driver.
DEBUG - 2026-06-18 11:01:37 --> Session: Class initialized using 'CodeIgniter\Session\Handlers\FileHandler' driver.
DEBUG - 2026-06-18 11:01:38 --> Session: Class initialized using 'CodeIgniter\Session\Handlers\FileHandler' driver.
DEBUG - 2026-06-18 11:01:38 --> Session: Class initialized using 'CodeIgniter\Session\Handlers\FileHandler' driver.
DEBUG - 2026-06-18 11:01:38 --> Session: Class initialized using 'CodeIgniter\Session\Handlers\FileHandler' driver.
DEBUG - 2026-06-18 11:01:39 --> Session: Class initialized using 'CodeIgniter\Session\Handlers\FileHandler' driver.
DEBUG - 2026-06-18 11:01:39 --> Session: Class initialized using 'CodeIgniter\Session\Handlers\FileHandler' driver.
DEBUG - 2026-06-18 11:01:39 --> Session: Class initialized using 'CodeIgniter\Session\Handlers\FileHandler' driver.
DEBUG - 2026-06-18 11:01:40 --> Session: Class initialized using 'CodeIgniter\Session\Handlers\FileHandler' driver.
DEBUG - 2026-06-18 11:01:40 --> Session: Class initialized using 'CodeIgniter\Session\Handlers\FileHandler' driver.
DEBUG - 2026-06-18 11:01:40 --> Session: Class initialized using 'CodeIgniter\Session\Handlers\FileHandler' driver.
DEBUG - 2026-06-18 11:01:42 --> Session: Class initialized using 'CodeIgniter\Session\Handlers\FileHandler' driver.
DEBUG - 2026-06-18 11:01:42 --> Session: Class initialized using 'CodeIgniter\Session\Handlers\FileHandler' driver.
DEBUG - 2026-06-18 11:01:42 --> Session: Class initialized using 'CodeIgniter\Session\Handlers\FileHandler' driver.
DEBUG - 2026-06-18 11:01:43 --> Session: Class initialized using 'CodeIgniter\Session\Handlers\FileHandler' driver.
DEBUG - 2026-06-18 11:01:43 --> Session: Class initialized using 'CodeIgniter\Session\Handlers\FileHandler' driver.
DEBUG - 2026-06-18 11:01:43 --> Session: Class initialized using 'CodeIgniter\Session\Handlers\FileHandler' driver.
DEBUG - 2026-06-18 11:01:44 --> Session: Class initialized using 'CodeIgniter\Session\Handlers\FileHandler' driver.
DEBUG - 2026-06-18 11:01:44 --> Session: Class initialized using 'CodeIgniter\Session\Handlers\FileHandler' driver.
DEBUG - 2026-06-18 11:01:44 --> Session: Class initialized using 'CodeIgniter\Session\Handlers\FileHandler' driver.
DEBUG - 2026-06-18 11:01:45 --> Session: Class initialized using 'CodeIgniter\Session\Handlers\FileHandler' driver.
DEBUG - 2026-06-18 11:01:45 --> Session: Class initialized using 'CodeIgniter\Session\Handlers\FileHandler' driver.
DEBUG - 2026-06-18 11:01:45 --> Session: Class initialized using 'CodeIgniter\Session\Handlers\FileHandler' driver.
DEBUG - 2026-06-18 11:01:45 --> Session: Class initialized using 'CodeIgniter\Session\Handlers\FileHandler' driver.
DEBUG - 2026-06-18 11:01:45 --> Session: Class initialized using 'CodeIgniter\Session\Handlers\FileHandler' driver.
DEBUG - 2026-06-18 11:01:46 --> Session: Class initialized using 'CodeIgniter\Session\Handlers\FileHandler' driver.
DEBUG - 2026-06-18 11:01:46 --> Session: Class initialized using 'CodeIgniter\Session\Handlers\FileHandler' driver.
DEBUG - 2026-06-18 11:01:46 --> Session: Class initialized using 'CodeIgniter\Session\Handlers\FileHandler' driver.
DEBUG - 2026-06-18 11:01:46 --> Session: Class initialized using 'CodeIgniter\Session\Handlers\FileHandler' driver.
DEBUG - 2026-06-18 11:01:47 --> Session: Class initialized using 'CodeIgniter\Session\Handlers\FileHandler' driver.
DEBUG - 2026-06-18 11:01:47 --> Session: Class initialized using 'CodeIgniter\Session\Handlers\FileHandler' driver.
DEBUG - 2026-06-18 11:01:52 --> Session: Class initialized using 'CodeIgniter\Session\Handlers\FileHandler' driver.
DEBUG - 2026-06-18 11:01:53 --> Session: Class initialized using 'CodeIgniter\Session\Handlers\FileHandler' driver.
DEBUG - 2026-06-18 11:01:53 --> Session: Class initialized using 'CodeIgniter\Session\Handlers\FileHandler' driver.
DEBUG - 2026-06-18 11:01:53 --> Session: Class initialized using 'CodeIgniter\Session\Handlers\FileHandler' driver.
DEBUG - 2026-06-18 11:01:54 --> Session: Class initialized using 'CodeIgniter\Session\Handlers\FileHandler' driver.
DEBUG - 2026-06-18 11:01:54 --> Session: Class initialized using 'CodeIgniter\Session\Handlers\FileHandler' driver.
DEBUG - 2026-06-18 11:01:54 --> Session: Class initialized using 'CodeIgniter\Session\Handlers\FileHandler' driver.
DEBUG - 2026-06-18 11:01:55 --> Session: Class initialized using 'CodeIgniter\Session\Handlers\FileHandler' driver.
DEBUG - 2026-06-18 11:01:55 --> Session: Class initialized using 'CodeIgniter\Session\Handlers\FileHandler' driver.
DEBUG - 2026-06-18 11:01:55 --> Session: Class initialized using 'CodeIgniter\Session\Handlers\FileHandler' driver.
DEBUG - 2026-06-18 11:01:55 --> Session: Class initialized using 'CodeIgniter\Session\Handlers\FileHandler' driver.
DEBUG - 2026-06-18 11:01:56 --> Session: Class initialized using 'CodeIgniter\Session\Handlers\FileHandler' driver.
DEBUG - 2026-06-18 11:01:56 --> Session: Class initialized using 'CodeIgniter\Session\Handlers\FileHandler' driver.
DEBUG - 2026-06-18 11:01:56 --> Session: Class initialized using 'CodeIgniter\Session\Handlers\FileHandler' driver.
DEBUG - 2026-06-18 11:01:57 --> Session: Class initialized using 'CodeIgniter\Session\Handlers\FileHandler' driver.
DEBUG - 2026-06-18 11:01:57 --> Session: Class initialized using 'CodeIgniter\Session\Handlers\FileHandler' driver.
DEBUG - 2026-06-18 11:01:57 --> Session: Class initialized using 'CodeIgniter\Session\Handlers\FileHandler' driver.
DEBUG - 2026-06-18 11:01:58 --> Session: Class initialized using 'CodeIgniter\Session\Handlers\FileHandler' driver.
DEBUG - 2026-06-18 11:01:58 --> Session: Class initialized using 'CodeIgniter\Session\Handlers\FileHandler' driver.
DEBUG - 2026-06-18 11:01:58 --> Session: Class initialized using 'CodeIgniter\Session\Handlers\FileHandler' driver.
DEBUG - 2026-06-18 11:10:19 --> Session: Class initialized using 'CodeIgniter\Session\Handlers\FileHandler' driver.
DEBUG - 2026-06-18 11:10:26 --> Session: Class initialized using 'CodeIgniter\Session\Handlers\FileHandler' driver.
DEBUG - 2026-06-18 11:10:27 --> Session: Class initialized using 'CodeIgniter\Session\Handlers\FileHandler' driver.
DEBUG - 2026-06-18 11:13:37 --> Session: Class initialized using 'CodeIgniter\Session\Handlers\FileHandler' driver.
DEBUG - 2026-06-18 11:13:45 --> Session: Class initialized using 'CodeIgniter\Session\Handlers\FileHandler' driver.
DEBUG - 2026-06-18 11:13:46 --> Session: Class initialized using 'CodeIgniter\Session\Handlers\FileHandler' driver.
DEBUG - 2026-06-18 11:15:56 --> Session: Class initialized using 'CodeIgniter\Session\Handlers\FileHandler' driver.
DEBUG - 2026-06-18 11:16:10 --> Session: Class initialized using 'CodeIgniter\Session\Handlers\FileHandler' driver.
DEBUG - 2026-06-18 11:16:10 --> Session: Class initialized using 'CodeIgniter\Session\Handlers\FileHandler' driver.
DEBUG - 2026-06-18 11:19:55 --> Session: Class initialized using 'CodeIgniter\Session\Handlers\FileHandler' driver.
DEBUG - 2026-06-18 11:20:07 --> Session: Class initialized using 'CodeIgniter\Session\Handlers\FileHandler' driver.
DEBUG - 2026-06-18 11:20:08 --> Session: Class initialized using 'CodeIgniter\Session\Handlers\FileHandler' driver.
DEBUG - 2026-06-18 11:20:09 --> Session: Class initialized using 'CodeIgniter\Session\Handlers\FileHandler' driver.
DEBUG - 2026-06-18 11:20:16 --> Session: Class initialized using 'CodeIgniter\Session\Handlers\FileHandler' driver.
DEBUG - 2026-06-18 11:20:16 --> Session: Class initialized using 'CodeIgniter\Session\Handlers\FileHandler' driver.
DEBUG - 2026-06-18 11:20:16 --> Session: Class initialized using 'CodeIgniter\Session\Handlers\FileHandler' driver.
DEBUG - 2026-06-18 11:20:18 --> Session: Class initialized using 'CodeIgniter\Session\Handlers\FileHandler' driver.
DEBUG - 2026-06-18 11:20:19 --> Session: Class initialized using 'CodeIgniter\Session\Handlers\FileHandler' driver.
DEBUG - 2026-06-18 11:20:22 --> Session: Class initialized using 'CodeIgniter\Session\Handlers\FileHandler' driver.
DEBUG - 2026-06-18 11:20:22 --> Session: Class initialized using 'CodeIgniter\Session\Handlers\FileHandler' driver.
DEBUG - 2026-06-18 11:20:33 --> Session: Class initialized using 'CodeIgniter\Session\Handlers\FileHandler' driver.
DEBUG - 2026-06-18 11:20:34 --> Session: Class initialized using 'CodeIgniter\Session\Handlers\FileHandler' driver.
DEBUG - 2026-06-18 11:20:48 --> Session: Class initialized using 'CodeIgniter\Session\Handlers\FileHandler' driver.
DEBUG - 2026-06-18 11:20:49 --> Session: Class initialized using 'CodeIgniter\Session\Handlers\FileHandler' driver.
DEBUG - 2026-06-18 11:20:50 --> Session: Class initialized using 'CodeIgniter\Session\Handlers\FileHandler' driver.
DEBUG - 2026-06-18 11:20:54 --> Session: Class initialized using 'CodeIgniter\Session\Handlers\FileHandler' driver.
DEBUG - 2026-06-18 11:20:54 --> Session: Class initialized using 'CodeIgniter\Session\Handlers\FileHandler' driver.
DEBUG - 2026-06-18 11:21:01 --> Session: Class initialized using 'CodeIgniter\Session\Handlers\FileHandler' driver.
DEBUG - 2026-06-18 11:21:02 --> Session: Class initialized using 'CodeIgniter\Session\Handlers\FileHandler' driver.
DEBUG - 2026-06-18 11:21:02 --> Session: Class initialized using 'CodeIgniter\Session\Handlers\FileHandler' driver.
DEBUG - 2026-06-18 11:21:03 --> Session: Class initialized using 'CodeIgniter\Session\Handlers\FileHandler' driver.
DEBUG - 2026-06-18 11:21:03 --> Session: Class initialized using 'CodeIgniter\Session\Handlers\FileHandler' driver.
DEBUG - 2026-06-18 11:21:04 --> Session: Class initialized using 'CodeIgniter\Session\Handlers\FileHandler' driver.
DEBUG - 2026-06-18 11:21:05 --> Session: Class initialized using 'CodeIgniter\Session\Handlers\FileHandler' driver.
DEBUG - 2026-06-18 11:21:05 --> Session: Class initialized using 'CodeIgniter\Session\Handlers\FileHandler' driver.
DEBUG - 2026-06-18 11:21:06 --> Session: Class initialized using 'CodeIgniter\Session\Handlers\FileHandler' driver.
DEBUG - 2026-06-18 11:21:08 --> Session: Class initialized using 'CodeIgniter\Session\Handlers\FileHandler' driver.
DEBUG - 2026-06-18 11:21:09 --> Session: Class initialized using 'CodeIgniter\Session\Handlers\FileHandler' driver.
DEBUG - 2026-06-18 11:23:41 --> Session: Class initialized using 'CodeIgniter\Session\Handlers\FileHandler' driver.
DEBUG - 2026-06-18 11:23:41 --> Session: Class initialized using 'CodeIgniter\Session\Handlers\FileHandler' driver.
DEBUG - 2026-06-18 11:23:56 --> Session: Class initialized using 'CodeIgniter\Session\Handlers\FileHandler' driver.
DEBUG - 2026-06-18 11:23:57 --> Session: Class initialized using 'CodeIgniter\Session\Handlers\FileHandler' driver.
DEBUG - 2026-06-18 11:24:01 --> Session: Class initialized using 'CodeIgniter\Session\Handlers\FileHandler' driver.
DEBUG - 2026-06-18 11:24:02 --> Session: Class initialized using 'CodeIgniter\Session\Handlers\FileHandler' driver.
DEBUG - 2026-06-18 11:24:04 --> Session: Class initialized using 'CodeIgniter\Session\Handlers\FileHandler' driver.
DEBUG - 2026-06-18 11:24:05 --> Session: Class initialized using 'CodeIgniter\Session\Handlers\FileHandler' driver.
DEBUG - 2026-06-18 11:24:05 --> Session: Class initialized using 'CodeIgniter\Session\Handlers\FileHandler' driver.
DEBUG - 2026-06-18 11:24:06 --> Session: Class initialized using 'CodeIgniter\Session\Handlers\FileHandler' driver.
DEBUG - 2026-06-18 11:24:10 --> Session: Class initialized using 'CodeIgniter\Session\Handlers\FileHandler' driver.
DEBUG - 2026-06-18 11:24:11 --> Session: Class initialized using 'CodeIgniter\Session\Handlers\FileHandler' driver.
DEBUG - 2026-06-18 11:24:18 --> Session: Class initialized using 'CodeIgniter\Session\Handlers\FileHandler' driver.
DEBUG - 2026-06-18 11:24:18 --> Session: Class initialized using 'CodeIgniter\Session\Handlers\FileHandler' driver.
DEBUG - 2026-06-18 11:24:27 --> Session: Class initialized using 'CodeIgniter\Session\Handlers\FileHandler' driver.
DEBUG - 2026-06-18 11:24:28 --> Session: Class initialized using 'CodeIgniter\Session\Handlers\FileHandler' driver.
DEBUG - 2026-06-18 11:35:52 --> Session: Class initialized using 'CodeIgniter\Session\Handlers\FileHandler' driver.
DEBUG - 2026-06-18 11:35:52 --> Session: Class initialized using 'CodeIgniter\Session\Handlers\FileHandler' driver.
DEBUG - 2026-06-18 11:37:29 --> Session: Class initialized using 'CodeIgniter\Session\Handlers\FileHandler' driver.
DEBUG - 2026-06-18 11:37:29 --> Session: Class initialized using 'CodeIgniter\Session\Handlers\FileHandler' driver.
DEBUG - 2026-06-18 11:38:02 --> Session: Class initialized using 'CodeIgniter\Session\Handlers\FileHandler' driver.
DEBUG - 2026-06-18 11:38:02 --> Session: Class initialized using 'CodeIgniter\Session\Handlers\FileHandler' driver.
DEBUG - 2026-06-18 11:49:35 --> Session: Class initialized using 'CodeIgniter\Session\Handlers\FileHandler' driver.
DEBUG - 2026-06-18 11:49:35 --> Session: Class initialized using 'CodeIgniter\Session\Handlers\FileHandler' driver.
DEBUG - 2026-06-18 11:51:27 --> Session: Class initialized using 'CodeIgniter\Session\Handlers\FileHandler' driver.
DEBUG - 2026-06-18 11:51:27 --> Session: Class initialized using 'CodeIgniter\Session\Handlers\FileHandler' driver.
DEBUG - 2026-06-18 12:15:30 --> Session: Class initialized using 'CodeIgniter\Session\Handlers\FileHandler' driver.
DEBUG - 2026-06-18 12:15:30 --> Session: Class initialized using 'CodeIgniter\Session\Handlers\FileHandler' driver.
DEBUG - 2026-06-18 12:18:20 --> Session: Class initialized using 'CodeIgniter\Session\Handlers\FileHandler' driver.
DEBUG - 2026-06-18 12:18:20 --> Session: Class initialized using 'CodeIgniter\Session\Handlers\FileHandler' driver.
DEBUG - 2026-06-18 12:23:42 --> Session: Class initialized using 'CodeIgniter\Session\Handlers\FileHandler' driver.
DEBUG - 2026-06-18 12:23:52 --> Session: Class initialized using 'CodeIgniter\Session\Handlers\FileHandler' driver.
DEBUG - 2026-06-18 12:23:53 --> Session: Class initialized using 'CodeIgniter\Session\Handlers\FileHandler' driver.
DEBUG - 2026-06-18 12:23:54 --> Session: Class initialized using 'CodeIgniter\Session\Handlers\FileHandler' driver.
DEBUG - 2026-06-18 12:24:05 --> Session: Class initialized using 'CodeIgniter\Session\Handlers\FileHandler' driver.
DEBUG - 2026-06-18 12:24:05 --> Session: Class initialized using 'CodeIgniter\Session\Handlers\FileHandler' driver.
DEBUG - 2026-06-18 12:24:33 --> Session: Class initialized using 'CodeIgniter\Session\Handlers\FileHandler' driver.
DEBUG - 2026-06-18 12:24:34 --> Session: Class initialized using 'CodeIgniter\Session\Handlers\FileHandler' driver.
DEBUG - 2026-06-18 12:24:35 --> Session: Class initialized using 'CodeIgniter\Session\Handlers\FileHandler' driver.
DEBUG - 2026-06-18 12:24:56 --> Session: Class initialized using 'CodeIgniter\Session\Handlers\FileHandler' driver.
DEBUG - 2026-06-18 12:24:56 --> Session: Class initialized using 'CodeIgniter\Session\Handlers\FileHandler' driver.
DEBUG - 2026-06-18 12:25:05 --> Session: Class initialized using 'CodeIgniter\Session\Handlers\FileHandler' driver.
DEBUG - 2026-06-18 12:25:07 --> Session: Class initialized using 'CodeIgniter\Session\Handlers\FileHandler' driver.
DEBUG - 2026-06-18 12:25:11 --> Session: Class initialized using 'CodeIgniter\Session\Handlers\FileHandler' driver.
DEBUG - 2026-06-18 12:25:12 --> Session: Class initialized using 'CodeIgniter\Session\Handlers\FileHandler' driver.
DEBUG - 2026-06-18 12:25:31 --> Session: Class initialized using 'CodeIgniter\Session\Handlers\FileHandler' driver.
DEBUG - 2026-06-18 12:26:02 --> Session: Class initialized using 'CodeIgniter\Session\Handlers\FileHandler' driver.
DEBUG - 2026-06-18 12:26:03 --> Session: Class initialized using 'CodeIgniter\Session\Handlers\FileHandler' driver.
DEBUG - 2026-06-18 12:32:57 --> Session: Class initialized using 'CodeIgniter\Session\Handlers\FileHandler' driver.
DEBUG - 2026-06-18 12:32:58 --> Session: Class initialized using 'CodeIgniter\Session\Handlers\FileHandler' driver.
DEBUG - 2026-06-18 12:33:24 --> Session: Class initialized using 'CodeIgniter\Session\Handlers\FileHandler' driver.
DEBUG - 2026-06-18 12:33:24 --> Session: Class initialized using 'CodeIgniter\Session\Handlers\FileHandler' driver.
DEBUG - 2026-06-18 12:34:06 --> Session: Class initialized using 'CodeIgniter\Session\Handlers\FileHandler' driver.
DEBUG - 2026-06-18 12:34:07 --> Session: Class initialized using 'CodeIgniter\Session\Handlers\FileHandler' driver.
DEBUG - 2026-06-18 12:35:39 --> Session: Class initialized using 'CodeIgniter\Session\Handlers\FileHandler' driver.
DEBUG - 2026-06-18 12:35:57 --> Session: Class initialized using 'CodeIgniter\Session\Handlers\FileHandler' driver.
DEBUG - 2026-06-18 12:35:58 --> Session: Class initialized using 'CodeIgniter\Session\Handlers\FileHandler' driver.
DEBUG - 2026-06-18 12:35:59 --> Session: Class initialized using 'CodeIgniter\Session\Handlers\FileHandler' driver.
DEBUG - 2026-06-18 12:37:12 --> Session: Class initialized using 'CodeIgniter\Session\Handlers\FileHandler' driver.
DEBUG - 2026-06-18 12:37:13 --> Session: Class initialized using 'CodeIgniter\Session\Handlers\FileHandler' driver.
DEBUG - 2026-06-18 12:37:15 --> Session: Class initialized using 'CodeIgniter\Session\Handlers\FileHandler' driver.
DEBUG - 2026-06-18 12:37:16 --> Session: Class initialized using 'CodeIgniter\Session\Handlers\FileHandler' driver.
DEBUG - 2026-06-18 12:37:18 --> Session: Class initialized using 'CodeIgniter\Session\Handlers\FileHandler' driver.
DEBUG - 2026-06-18 12:37:19 --> Session: Class initialized using 'CodeIgniter\Session\Handlers\FileHandler' driver.
DEBUG - 2026-06-18 12:42:15 --> Session: Class initialized using 'CodeIgniter\Session\Handlers\FileHandler' driver.
DEBUG - 2026-06-18 12:42:16 --> Session: Class initialized using 'CodeIgniter\Session\Handlers\FileHandler' driver.
DEBUG - 2026-06-18 12:42:17 --> Session: Class initialized using 'CodeIgniter\Session\Handlers\FileHandler' driver.
DEBUG - 2026-06-18 12:42:25 --> Session: Class initialized using 'CodeIgniter\Session\Handlers\FileHandler' driver.
DEBUG - 2026-06-18 12:42:25 --> Session: Class initialized using 'CodeIgniter\Session\Handlers\FileHandler' driver.
DEBUG - 2026-06-18 12:42:36 --> Session: Class initialized using 'CodeIgniter\Session\Handlers\FileHandler' driver.
DEBUG - 2026-06-18 12:42:37 --> Session: Class initialized using 'CodeIgniter\Session\Handlers\FileHandler' driver.
DEBUG - 2026-06-18 12:43:11 --> Session: Class initialized using 'CodeIgniter\Session\Handlers\FileHandler' driver.
DEBUG - 2026-06-18 12:43:20 --> Session: Class initialized using 'CodeIgniter\Session\Handlers\FileHandler' driver.
DEBUG - 2026-06-18 12:43:21 --> Session: Class initialized using 'CodeIgniter\Session\Handlers\FileHandler' driver.
DEBUG - 2026-06-18 12:43:57 --> Session: Class initialized using 'CodeIgniter\Session\Handlers\FileHandler' driver.
DEBUG - 2026-06-18 12:43:58 --> Session: Class initialized using 'CodeIgniter\Session\Handlers\FileHandler' driver.
DEBUG - 2026-06-18 12:44:07 --> Session: Class initialized using 'CodeIgniter\Session\Handlers\FileHandler' driver.
DEBUG - 2026-06-18 12:44:17 --> Session: Class initialized using 'CodeIgniter\Session\Handlers\FileHandler' driver.
DEBUG - 2026-06-18 12:44:18 --> Session: Class initialized using 'CodeIgniter\Session\Handlers\FileHandler' driver.
DEBUG - 2026-06-18 12:44:19 --> Session: Class initialized using 'CodeIgniter\Session\Handlers\FileHandler' driver.
DEBUG - 2026-06-18 12:45:20 --> Session: Class initialized using 'CodeIgniter\Session\Handlers\FileHandler' driver.
DEBUG - 2026-06-18 12:45:20 --> Session: Class initialized using 'CodeIgniter\Session\Handlers\FileHandler' driver.
DEBUG - 2026-06-18 12:45:32 --> Session: Class initialized using 'CodeIgniter\Session\Handlers\FileHandler' driver.
DEBUG - 2026-06-18 12:45:33 --> Session: Class initialized using 'CodeIgniter\Session\Handlers\FileHandler' driver.
DEBUG - 2026-06-18 13:06:58 --> Session: Class initialized using 'CodeIgniter\Session\Handlers\FileHandler' driver.
DEBUG - 2026-06-18 13:07:08 --> Session: Class initialized using 'CodeIgniter\Session\Handlers\FileHandler' driver.
DEBUG - 2026-06-18 13:07:17 --> Session: Class initialized using 'CodeIgniter\Session\Handlers\FileHandler' driver.
DEBUG - 2026-06-18 13:07:18 --> Session: Class initialized using 'CodeIgniter\Session\Handlers\FileHandler' driver.
DEBUG - 2026-06-18 13:07:19 --> Session: Class initialized using 'CodeIgniter\Session\Handlers\FileHandler' driver.
DEBUG - 2026-06-18 13:07:24 --> Session: Class initialized using 'CodeIgniter\Session\Handlers\FileHandler' driver.
DEBUG - 2026-06-18 13:07:25 --> Session: Class initialized using 'CodeIgniter\Session\Handlers\FileHandler' driver.
DEBUG - 2026-06-18 13:07:26 --> Session: Class initialized using 'CodeIgniter\Session\Handlers\FileHandler' driver.
DEBUG - 2026-06-18 13:07:27 --> Session: Class initialized using 'CodeIgniter\Session\Handlers\FileHandler' driver.
DEBUG - 2026-06-18 13:07:28 --> Session: Class initialized using 'CodeIgniter\Session\Handlers\FileHandler' driver.
DEBUG - 2026-06-18 13:07:28 --> Session: Class initialized using 'CodeIgniter\Session\Handlers\FileHandler' driver.
DEBUG - 2026-06-18 13:07:30 --> Session: Class initialized using 'CodeIgniter\Session\Handlers\FileHandler' driver.
DEBUG - 2026-06-18 13:07:30 --> Session: Class initialized using 'CodeIgniter\Session\Handlers\FileHandler' driver.
DEBUG - 2026-06-18 13:07:34 --> Session: Class initialized using 'CodeIgniter\Session\Handlers\FileHandler' driver.
DEBUG - 2026-06-18 13:07:42 --> Session: Class initialized using 'CodeIgniter\Session\Handlers\FileHandler' driver.
DEBUG - 2026-06-18 13:07:51 --> Session: Class initialized using 'CodeIgniter\Session\Handlers\FileHandler' driver.
DEBUG - 2026-06-18 13:07:52 --> Session: Class initialized using 'CodeIgniter\Session\Handlers\FileHandler' driver.
DEBUG - 2026-06-18 13:07:53 --> Session: Class initialized using 'CodeIgniter\Session\Handlers\FileHandler' driver.
DEBUG - 2026-06-18 13:08:32 --> Session: Class initialized using 'CodeIgniter\Session\Handlers\FileHandler' driver.
DEBUG - 2026-06-18 13:09:03 --> Session: Class initialized using 'CodeIgniter\Session\Handlers\FileHandler' driver.
DEBUG - 2026-06-18 13:09:13 --> Session: Class initialized using 'CodeIgniter\Session\Handlers\FileHandler' driver.
DEBUG - 2026-06-18 13:09:14 --> Session: Class initialized using 'CodeIgniter\Session\Handlers\FileHandler' driver.
DEBUG - 2026-06-18 13:09:15 --> Session: Class initialized using 'CodeIgniter\Session\Handlers\FileHandler' driver.
DEBUG - 2026-06-18 13:09:17 --> Session: Class initialized using 'CodeIgniter\Session\Handlers\FileHandler' driver.
DEBUG - 2026-06-18 13:09:18 --> Session: Class initialized using 'CodeIgniter\Session\Handlers\FileHandler' driver.
DEBUG - 2026-06-18 13:09:20 --> Session: Class initialized using 'CodeIgniter\Session\Handlers\FileHandler' driver.
DEBUG - 2026-06-18 13:09:21 --> Session: Class initialized using 'CodeIgniter\Session\Handlers\FileHandler' driver.
DEBUG - 2026-06-18 13:09:24 --> Session: Class initialized using 'CodeIgniter\Session\Handlers\FileHandler' driver.
DEBUG - 2026-06-18 13:09:25 --> Session: Class initialized using 'CodeIgniter\Session\Handlers\FileHandler' driver.
DEBUG - 2026-06-18 13:09:26 --> Session: Class initialized using 'CodeIgniter\Session\Handlers\FileHandler' driver.
DEBUG - 2026-06-18 13:09:26 --> Session: Class initialized using 'CodeIgniter\Session\Handlers\FileHandler' driver.
DEBUG - 2026-06-18 13:09:28 --> Session: Class initialized using 'CodeIgniter\Session\Handlers\FileHandler' driver.
DEBUG - 2026-06-18 13:09:29 --> Session: Class initialized using 'CodeIgniter\Session\Handlers\FileHandler' driver.
DEBUG - 2026-06-18 13:09:35 --> Session: Class initialized using 'CodeIgniter\Session\Handlers\FileHandler' driver.
DEBUG - 2026-06-18 13:09:36 --> Session: Class initialized using 'CodeIgniter\Session\Handlers\FileHandler' driver.
DEBUG - 2026-06-18 13:09:36 --> Session: Class initialized using 'CodeIgniter\Session\Handlers\FileHandler' driver.
DEBUG - 2026-06-18 13:10:33 --> Session: Class initialized using 'CodeIgniter\Session\Handlers\FileHandler' driver.
DEBUG - 2026-06-18 13:10:34 --> Session: Class initialized using 'CodeIgniter\Session\Handlers\FileHandler' driver.
DEBUG - 2026-06-18 13:10:34 --> Session: Class initialized using 'CodeIgniter\Session\Handlers\FileHandler' driver.
DEBUG - 2026-06-18 13:10:35 --> Session: Class initialized using 'CodeIgniter\Session\Handlers\FileHandler' driver.
DEBUG - 2026-06-18 13:10:35 --> Session: Class initialized using 'CodeIgniter\Session\Handlers\FileHandler' driver.
DEBUG - 2026-06-18 13:10:54 --> Session: Class initialized using 'CodeIgniter\Session\Handlers\FileHandler' driver.
DEBUG - 2026-06-18 13:11:03 --> Session: Class initialized using 'CodeIgniter\Session\Handlers\FileHandler' driver.
DEBUG - 2026-06-18 13:11:04 --> Session: Class initialized using 'CodeIgniter\Session\Handlers\FileHandler' driver.
DEBUG - 2026-06-18 13:11:05 --> Session: Class initialized using 'CodeIgniter\Session\Handlers\FileHandler' driver.
DEBUG - 2026-06-18 13:11:07 --> Session: Class initialized using 'CodeIgniter\Session\Handlers\FileHandler' driver.
DEBUG - 2026-06-18 13:11:07 --> Session: Class initialized using 'CodeIgniter\Session\Handlers\FileHandler' driver.
DEBUG - 2026-06-18 13:14:00 --> Session: Class initialized using 'CodeIgniter\Session\Handlers\FileHandler' driver.
DEBUG - 2026-06-18 13:14:07 --> Session: Class initialized using 'CodeIgniter\Session\Handlers\FileHandler' driver.
DEBUG - 2026-06-18 13:14:08 --> Session: Class initialized using 'CodeIgniter\Session\Handlers\FileHandler' driver.
DEBUG - 2026-06-18 13:14:08 --> Session: Class initialized using 'CodeIgniter\Session\Handlers\FileHandler' driver.
DEBUG - 2026-06-18 13:14:10 --> Session: Class initialized using 'CodeIgniter\Session\Handlers\FileHandler' driver.
DEBUG - 2026-06-18 13:14:11 --> Session: Class initialized using 'CodeIgniter\Session\Handlers\FileHandler' driver.
DEBUG - 2026-06-18 13:14:11 --> Session: Class initialized using 'CodeIgniter\Session\Handlers\FileHandler' driver.
DEBUG - 2026-06-18 13:14:11 --> Session: Class initialized using 'CodeIgniter\Session\Handlers\FileHandler' driver.
DEBUG - 2026-06-18 13:14:40 --> Session: Class initialized using 'CodeIgniter\Session\Handlers\FileHandler' driver.
DEBUG - 2026-06-18 13:14:41 --> Session: Class initialized using 'CodeIgniter\Session\Handlers\FileHandler' driver.
DEBUG - 2026-06-18 13:14:41 --> Session: Class initialized using 'CodeIgniter\Session\Handlers\FileHandler' driver.
DEBUG - 2026-06-18 13:14:46 --> Session: Class initialized using 'CodeIgniter\Session\Handlers\FileHandler' driver.
DEBUG - 2026-06-18 13:14:46 --> Session: Class initialized using 'CodeIgniter\Session\Handlers\FileHandler' driver.
DEBUG - 2026-06-18 13:14:47 --> Session: Class initialized using 'CodeIgniter\Session\Handlers\FileHandler' driver.
DEBUG - 2026-06-18 13:14:47 --> Session: Class initialized using 'CodeIgniter\Session\Handlers\FileHandler' driver.
DEBUG - 2026-06-18 13:14:48 --> Session: Class initialized using 'CodeIgniter\Session\Handlers\FileHandler' driver.
DEBUG - 2026-06-18 13:14:49 --> Session: Class initialized using 'CodeIgniter\Session\Handlers\FileHandler' driver.
DEBUG - 2026-06-18 13:14:49 --> Session: Class initialized using 'CodeIgniter\Session\Handlers\FileHandler' driver.
DEBUG - 2026-06-18 13:14:50 --> Session: Class initialized using 'CodeIgniter\Session\Handlers\FileHandler' driver.
DEBUG - 2026-06-18 13:14:50 --> Session: Class initialized using 'CodeIgniter\Session\Handlers\FileHandler' driver.
DEBUG - 2026-06-18 13:14:50 --> Session: Class initialized using 'CodeIgniter\Session\Handlers\FileHandler' driver.
DEBUG - 2026-06-18 13:14:52 --> Session: Class initialized using 'CodeIgniter\Session\Handlers\FileHandler' driver.
DEBUG - 2026-06-18 13:14:52 --> Session: Class initialized using 'CodeIgniter\Session\Handlers\FileHandler' driver.
DEBUG - 2026-06-18 13:14:52 --> Session: Class initialized using 'CodeIgniter\Session\Handlers\FileHandler' driver.
DEBUG - 2026-06-18 13:16:46 --> Session: Class initialized using 'CodeIgniter\Session\Handlers\FileHandler' driver.
DEBUG - 2026-06-18 13:16:46 --> Session: Class initialized using 'CodeIgniter\Session\Handlers\FileHandler' driver.
DEBUG - 2026-06-18 13:19:03 --> Session: Class initialized using 'CodeIgniter\Session\Handlers\FileHandler' driver.
DEBUG - 2026-06-18 13:19:04 --> Session: Class initialized using 'CodeIgniter\Session\Handlers\FileHandler' driver.
DEBUG - 2026-06-18 13:19:04 --> Session: Class initialized using 'CodeIgniter\Session\Handlers\FileHandler' driver.
DEBUG - 2026-06-18 13:19:05 --> Session: Class initialized using 'CodeIgniter\Session\Handlers\FileHandler' driver.
DEBUG - 2026-06-18 13:19:05 --> Session: Class initialized using 'CodeIgniter\Session\Handlers\FileHandler' driver.
DEBUG - 2026-06-18 13:19:09 --> Session: Class initialized using 'CodeIgniter\Session\Handlers\FileHandler' driver.
DEBUG - 2026-06-18 13:19:11 --> Session: Class initialized using 'CodeIgniter\Session\Handlers\FileHandler' driver.
DEBUG - 2026-06-18 13:19:12 --> Session: Class initialized using 'CodeIgniter\Session\Handlers\FileHandler' driver.
DEBUG - 2026-06-18 14:37:48 --> Session: Class initialized using 'CodeIgniter\Session\Handlers\FileHandler' driver.
DEBUG - 2026-06-18 14:37:49 --> Session: Class initialized using 'CodeIgniter\Session\Handlers\FileHandler' driver.
DEBUG - 2026-06-18 14:48:47 --> Session: Class initialized using 'CodeIgniter\Session\Handlers\FileHandler' driver.
DEBUG - 2026-06-18 14:48:48 --> Session: Class initialized using 'CodeIgniter\Session\Handlers\FileHandler' driver.
DEBUG - 2026-06-18 14:48:56 --> Session: Class initialized using 'CodeIgniter\Session\Handlers\FileHandler' driver.
DEBUG - 2026-06-18 14:48:57 --> Session: Class initialized using 'CodeIgniter\Session\Handlers\FileHandler' driver.
DEBUG - 2026-06-18 14:49:18 --> Session: Class initialized using 'CodeIgniter\Session\Handlers\FileHandler' driver.
DEBUG - 2026-06-18 14:49:18 --> Session: Class initialized using 'CodeIgniter\Session\Handlers\FileHandler' driver.
DEBUG - 2026-06-18 14:50:05 --> Session: Class initialized using 'CodeIgniter\Session\Handlers\FileHandler' driver.
DEBUG - 2026-06-18 14:50:05 --> Session: Class initialized using 'CodeIgniter\Session\Handlers\FileHandler' driver.
DEBUG - 2026-06-18 14:50:18 --> Session: Class initialized using 'CodeIgniter\Session\Handlers\FileHandler' driver.
DEBUG - 2026-06-18 14:50:18 --> Session: Class initialized using 'CodeIgniter\Session\Handlers\FileHandler' driver.
DEBUG - 2026-06-18 14:50:18 --> Session: Class initialized using 'CodeIgniter\Session\Handlers\FileHandler' driver.
DEBUG - 2026-06-18 14:50:21 --> Session: Class initialized using 'CodeIgniter\Session\Handlers\FileHandler' driver.
DEBUG - 2026-06-18 14:50:21 --> Session: Class initialized using 'CodeIgniter\Session\Handlers\FileHandler' driver.
DEBUG - 2026-06-18 14:53:37 --> Session: Class initialized using 'CodeIgniter\Session\Handlers\FileHandler' driver.
DEBUG - 2026-06-18 14:53:38 --> Session: Class initialized using 'CodeIgniter\Session\Handlers\FileHandler' driver.
DEBUG - 2026-06-18 14:53:51 --> Session: Class initialized using 'CodeIgniter\Session\Handlers\FileHandler' driver.
DEBUG - 2026-06-18 14:53:51 --> Session: Class initialized using 'CodeIgniter\Session\Handlers\FileHandler' driver.
DEBUG - 2026-06-18 15:06:12 --> Session: Class initialized using 'CodeIgniter\Session\Handlers\FileHandler' driver.
DEBUG - 2026-06-18 15:06:16 --> Session: Class initialized using 'CodeIgniter\Session\Handlers\FileHandler' driver.
DEBUG - 2026-06-18 15:08:01 --> Session: Class initialized using 'CodeIgniter\Session\Handlers\FileHandler' driver.
DEBUG - 2026-06-18 15:08:01 --> Session: Class initialized using 'CodeIgniter\Session\Handlers\FileHandler' driver.
DEBUG - 2026-06-18 15:09:22 --> Session: Class initialized using 'CodeIgniter\Session\Handlers\FileHandler' driver.
DEBUG - 2026-06-18 15:09:23 --> Session: Class initialized using 'CodeIgniter\Session\Handlers\FileHandler' driver.
DEBUG - 2026-06-18 15:09:42 --> Session: Class initialized using 'CodeIgniter\Session\Handlers\FileHandler' driver.
DEBUG - 2026-06-18 15:09:42 --> Session: Class initialized using 'CodeIgniter\Session\Handlers\FileHandler' driver.
DEBUG - 2026-06-18 15:10:03 --> Session: Class initialized using 'CodeIgniter\Session\Handlers\FileHandler' driver.
DEBUG - 2026-06-18 15:10:04 --> Session: Class initialized using 'CodeIgniter\Session\Handlers\FileHandler' driver.
DEBUG - 2026-06-18 15:10:56 --> Session: Class initialized using 'CodeIgniter\Session\Handlers\FileHandler' driver.
DEBUG - 2026-06-18 15:10:56 --> Session: Class initialized using 'CodeIgniter\Session\Handlers\FileHandler' driver.
DEBUG - 2026-06-18 15:10:57 --> Session: Class initialized using 'CodeIgniter\Session\Handlers\FileHandler' driver.
DEBUG - 2026-06-18 15:10:57 --> Session: Class initialized using 'CodeIgniter\Session\Handlers\FileHandler' driver.
DEBUG - 2026-06-18 15:11:04 --> Session: Class initialized using 'CodeIgniter\Session\Handlers\FileHandler' driver.
DEBUG - 2026-06-18 15:11:06 --> Session: Class initialized using 'CodeIgniter\Session\Handlers\FileHandler' driver.
DEBUG - 2026-06-18 15:11:06 --> Session: Class initialized using 'CodeIgniter\Session\Handlers\FileHandler' driver.
DEBUG - 2026-06-18 15:13:27 --> Session: Class initialized using 'CodeIgniter\Session\Handlers\FileHandler' driver.
DEBUG - 2026-06-18 15:13:28 --> Session: Class initialized using 'CodeIgniter\Session\Handlers\FileHandler' driver.
DEBUG - 2026-06-18 15:13:29 --> Session: Class initialized using 'CodeIgniter\Session\Handlers\FileHandler' driver.
DEBUG - 2026-06-18 15:13:30 --> Session: Class initialized using 'CodeIgniter\Session\Handlers\FileHandler' driver.
DEBUG - 2026-06-18 15:15:33 --> Session: Class initialized using 'CodeIgniter\Session\Handlers\FileHandler' driver.
DEBUG - 2026-06-18 15:15:34 --> Session: Class initialized using 'CodeIgniter\Session\Handlers\FileHandler' driver.
DEBUG - 2026-06-18 15:15:34 --> Session: Class initialized using 'CodeIgniter\Session\Handlers\FileHandler' driver.
DEBUG - 2026-06-18 15:15:34 --> Session: Class initialized using 'CodeIgniter\Session\Handlers\FileHandler' driver.
DEBUG - 2026-06-18 15:16:04 --> Session: Class initialized using 'CodeIgniter\Session\Handlers\FileHandler' driver.
DEBUG - 2026-06-18 15:16:05 --> Session: Class initialized using 'CodeIgniter\Session\Handlers\FileHandler' driver.
DEBUG - 2026-06-18 15:16:06 --> Session: Class initialized using 'CodeIgniter\Session\Handlers\FileHandler' driver.
DEBUG - 2026-06-18 15:16:15 --> Session: Class initialized using 'CodeIgniter\Session\Handlers\FileHandler' driver.
DEBUG - 2026-06-18 15:16:16 --> Session: Class initialized using 'CodeIgniter\Session\Handlers\FileHandler' driver.
DEBUG - 2026-06-18 15:16:24 --> Session: Class initialized using 'CodeIgniter\Session\Handlers\FileHandler' driver.
DEBUG - 2026-06-18 15:16:24 --> Session: Class initialized using 'CodeIgniter\Session\Handlers\FileHandler' driver.
DEBUG - 2026-06-18 15:16:26 --> Session: Class initialized using 'CodeIgniter\Session\Handlers\FileHandler' driver.
DEBUG - 2026-06-18 15:16:27 --> Session: Class initialized using 'CodeIgniter\Session\Handlers\FileHandler' driver.
DEBUG - 2026-06-18 15:16:27 --> Session: Class initialized using 'CodeIgniter\Session\Handlers\FileHandler' driver.
DEBUG - 2026-06-18 15:16:28 --> Session: Class initialized using 'CodeIgniter\Session\Handlers\FileHandler' driver.
DEBUG - 2026-06-18 15:16:29 --> Session: Class initialized using 'CodeIgniter\Session\Handlers\FileHandler' driver.
DEBUG - 2026-06-18 15:16:29 --> Session: Class initialized using 'CodeIgniter\Session\Handlers\FileHandler' driver.
DEBUG - 2026-06-18 15:16:29 --> Session: Class initialized using 'CodeIgniter\Session\Handlers\FileHandler' driver.
DEBUG - 2026-06-18 15:16:30 --> Session: Class initialized using 'CodeIgniter\Session\Handlers\FileHandler' driver.
DEBUG - 2026-06-18 15:16:30 --> Session: Class initialized using 'CodeIgniter\Session\Handlers\FileHandler' driver.
DEBUG - 2026-06-18 15:16:57 --> Session: Class initialized using 'CodeIgniter\Session\Handlers\FileHandler' driver.
DEBUG - 2026-06-18 15:16:58 --> Session: Class initialized using 'CodeIgniter\Session\Handlers\FileHandler' driver.
DEBUG - 2026-06-18 15:19:42 --> Session: Class initialized using 'CodeIgniter\Session\Handlers\FileHandler' driver.
DEBUG - 2026-06-18 15:19:43 --> Session: Class initialized using 'CodeIgniter\Session\Handlers\FileHandler' driver.
DEBUG - 2026-06-18 15:20:14 --> Session: Class initialized using 'CodeIgniter\Session\Handlers\FileHandler' driver.
DEBUG - 2026-06-18 15:20:15 --> Session: Class initialized using 'CodeIgniter\Session\Handlers\FileHandler' driver.
DEBUG - 2026-06-18 15:21:00 --> Session: Class initialized using 'CodeIgniter\Session\Handlers\FileHandler' driver.
DEBUG - 2026-06-18 15:21:01 --> Session: Class initialized using 'CodeIgniter\Session\Handlers\FileHandler' driver.
DEBUG - 2026-06-18 15:21:03 --> Session: Class initialized using 'CodeIgniter\Session\Handlers\FileHandler' driver.
DEBUG - 2026-06-18 15:21:03 --> Session: Class initialized using 'CodeIgniter\Session\Handlers\FileHandler' driver.
DEBUG - 2026-06-18 15:21:04 --> Session: Class initialized using 'CodeIgniter\Session\Handlers\FileHandler' driver.
DEBUG - 2026-06-18 15:21:24 --> Session: Class initialized using 'CodeIgniter\Session\Handlers\FileHandler' driver.
DEBUG - 2026-06-18 15:21:24 --> Session: Class initialized using 'CodeIgniter\Session\Handlers\FileHandler' driver.
DEBUG - 2026-06-18 15:21:25 --> Session: Class initialized using 'CodeIgniter\Session\Handlers\FileHandler' driver.
DEBUG - 2026-06-18 15:21:31 --> Session: Class initialized using 'CodeIgniter\Session\Handlers\FileHandler' driver.
DEBUG - 2026-06-18 15:21:31 --> Session: Class initialized using 'CodeIgniter\Session\Handlers\FileHandler' driver.
DEBUG - 2026-06-18 15:21:53 --> Session: Class initialized using 'CodeIgniter\Session\Handlers\FileHandler' driver.
DEBUG - 2026-06-18 15:21:56 --> Session: Class initialized using 'CodeIgniter\Session\Handlers\FileHandler' driver.
DEBUG - 2026-06-18 15:22:10 --> Session: Class initialized using 'CodeIgniter\Session\Handlers\FileHandler' driver.
DEBUG - 2026-06-18 15:22:11 --> Session: Class initialized using 'CodeIgniter\Session\Handlers\FileHandler' driver.
DEBUG - 2026-06-18 15:22:11 --> Session: Class initialized using 'CodeIgniter\Session\Handlers\FileHandler' driver.
DEBUG - 2026-06-18 15:22:12 --> Session: Class initialized using 'CodeIgniter\Session\Handlers\FileHandler' driver.
DEBUG - 2026-06-18 15:22:21 --> Session: Class initialized using 'CodeIgniter\Session\Handlers\FileHandler' driver.
DEBUG - 2026-06-18 15:22:22 --> Session: Class initialized using 'CodeIgniter\Session\Handlers\FileHandler' driver.
DEBUG - 2026-06-18 15:22:23 --> Session: Class initialized using 'CodeIgniter\Session\Handlers\FileHandler' driver.
DEBUG - 2026-06-18 15:22:28 --> Session: Class initialized using 'CodeIgniter\Session\Handlers\FileHandler' driver.
DEBUG - 2026-06-18 15:22:29 --> Session: Class initialized using 'CodeIgniter\Session\Handlers\FileHandler' driver.
DEBUG - 2026-06-18 15:22:30 --> Session: Class initialized using 'CodeIgniter\Session\Handlers\FileHandler' driver.
DEBUG - 2026-06-18 15:22:30 --> Session: Class initialized using 'CodeIgniter\Session\Handlers\FileHandler' driver.
DEBUG - 2026-06-18 15:22:47 --> Session: Class initialized using 'CodeIgniter\Session\Handlers\FileHandler' driver.
DEBUG - 2026-06-18 15:22:48 --> Session: Class initialized using 'CodeIgniter\Session\Handlers\FileHandler' driver.
DEBUG - 2026-06-18 15:22:49 --> Session: Class initialized using 'CodeIgniter\Session\Handlers\FileHandler' driver.
DEBUG - 2026-06-18 15:22:50 --> Session: Class initialized using 'CodeIgniter\Session\Handlers\FileHandler' driver.
DEBUG - 2026-06-18 15:23:01 --> Session: Class initialized using 'CodeIgniter\Session\Handlers\FileHandler' driver.
DEBUG - 2026-06-18 15:23:02 --> Session: Class initialized using 'CodeIgniter\Session\Handlers\FileHandler' driver.
DEBUG - 2026-06-18 15:23:09 --> Session: Class initialized using 'CodeIgniter\Session\Handlers\FileHandler' driver.
DEBUG - 2026-06-18 15:23:10 --> Session: Class initialized using 'CodeIgniter\Session\Handlers\FileHandler' driver.
DEBUG - 2026-06-18 15:23:11 --> Session: Class initialized using 'CodeIgniter\Session\Handlers\FileHandler' driver.
DEBUG - 2026-06-18 15:23:12 --> Session: Class initialized using 'CodeIgniter\Session\Handlers\FileHandler' driver.
DEBUG - 2026-06-18 15:23:15 --> Session: Class initialized using 'CodeIgniter\Session\Handlers\FileHandler' driver.
DEBUG - 2026-06-18 15:23:15 --> Session: Class initialized using 'CodeIgniter\Session\Handlers\FileHandler' driver.
DEBUG - 2026-06-18 15:23:15 --> Session: Class initialized using 'CodeIgniter\Session\Handlers\FileHandler' driver.
DEBUG - 2026-06-18 15:23:16 --> Session: Class initialized using 'CodeIgniter\Session\Handlers\FileHandler' driver.
DEBUG - 2026-06-18 15:23:26 --> Session: Class initialized using 'CodeIgniter\Session\Handlers\FileHandler' driver.
DEBUG - 2026-06-18 15:23:27 --> Session: Class initialized using 'CodeIgniter\Session\Handlers\FileHandler' driver.
DEBUG - 2026-06-18 15:23:28 --> Session: Class initialized using 'CodeIgniter\Session\Handlers\FileHandler' driver.
DEBUG - 2026-06-18 15:23:35 --> Session: Class initialized using 'CodeIgniter\Session\Handlers\FileHandler' driver.
DEBUG - 2026-06-18 15:23:36 --> Session: Class initialized using 'CodeIgniter\Session\Handlers\FileHandler' driver.
DEBUG - 2026-06-18 15:23:36 --> Session: Class initialized using 'CodeIgniter\Session\Handlers\FileHandler' driver.
DEBUG - 2026-06-18 15:23:37 --> Session: Class initialized using 'CodeIgniter\Session\Handlers\FileHandler' driver.
DEBUG - 2026-06-18 15:23:37 --> Session: Class initialized using 'CodeIgniter\Session\Handlers\FileHandler' driver.
DEBUG - 2026-06-18 15:23:39 --> Session: Class initialized using 'CodeIgniter\Session\Handlers\FileHandler' driver.
DEBUG - 2026-06-18 15:23:40 --> Session: Class initialized using 'CodeIgniter\Session\Handlers\FileHandler' driver.
DEBUG - 2026-06-18 15:23:43 --> Session: Class initialized using 'CodeIgniter\Session\Handlers\FileHandler' driver.
DEBUG - 2026-06-18 15:23:43 --> Session: Class initialized using 'CodeIgniter\Session\Handlers\FileHandler' driver.
DEBUG - 2026-06-18 15:23:44 --> Session: Class initialized using 'CodeIgniter\Session\Handlers\FileHandler' driver.
DEBUG - 2026-06-18 15:23:45 --> Session: Class initialized using 'CodeIgniter\Session\Handlers\FileHandler' driver.
DEBUG - 2026-06-18 15:24:23 --> Session: Class initialized using 'CodeIgniter\Session\Handlers\FileHandler' driver.
DEBUG - 2026-06-18 15:24:23 --> Session: Class initialized using 'CodeIgniter\Session\Handlers\FileHandler' driver.
DEBUG - 2026-06-18 15:24:25 --> Session: Class initialized using 'CodeIgniter\Session\Handlers\FileHandler' driver.
DEBUG - 2026-06-18 15:24:26 --> Session: Class initialized using 'CodeIgniter\Session\Handlers\FileHandler' driver.
DEBUG - 2026-06-18 15:24:48 --> Session: Class initialized using 'CodeIgniter\Session\Handlers\FileHandler' driver.
DEBUG - 2026-06-18 15:24:49 --> Session: Class initialized using 'CodeIgniter\Session\Handlers\FileHandler' driver.
DEBUG - 2026-06-18 15:24:51 --> Session: Class initialized using 'CodeIgniter\Session\Handlers\FileHandler' driver.
DEBUG - 2026-06-18 15:24:52 --> Session: Class initialized using 'CodeIgniter\Session\Handlers\FileHandler' driver.
DEBUG - 2026-06-18 15:24:53 --> Session: Class initialized using 'CodeIgniter\Session\Handlers\FileHandler' driver.
DEBUG - 2026-06-18 15:25:13 --> Session: Class initialized using 'CodeIgniter\Session\Handlers\FileHandler' driver.
DEBUG - 2026-06-18 15:25:14 --> Session: Class initialized using 'CodeIgniter\Session\Handlers\FileHandler' driver.
DEBUG - 2026-06-18 15:25:18 --> Session: Class initialized using 'CodeIgniter\Session\Handlers\FileHandler' driver.
DEBUG - 2026-06-18 15:25:18 --> Session: Class initialized using 'CodeIgniter\Session\Handlers\FileHandler' driver.
DEBUG - 2026-06-18 15:25:19 --> Session: Class initialized using 'CodeIgniter\Session\Handlers\FileHandler' driver.
DEBUG - 2026-06-18 15:25:20 --> Session: Class initialized using 'CodeIgniter\Session\Handlers\FileHandler' driver.
DEBUG - 2026-06-18 15:25:20 --> Session: Class initialized using 'CodeIgniter\Session\Handlers\FileHandler' driver.
DEBUG - 2026-06-18 15:25:22 --> Session: Class initialized using 'CodeIgniter\Session\Handlers\FileHandler' driver.
DEBUG - 2026-06-18 15:27:11 --> Session: Class initialized using 'CodeIgniter\Session\Handlers\FileHandler' driver.
DEBUG - 2026-06-18 15:27:12 --> Session: Class initialized using 'CodeIgniter\Session\Handlers\FileHandler' driver.
DEBUG - 2026-06-18 22:27:55 --> Session: Class initialized using 'CodeIgniter\Session\Handlers\FileHandler' driver.
DEBUG - 2026-06-18 22:27:56 --> Session: Class initialized using 'CodeIgniter\Session\Handlers\FileHandler' driver.
DEBUG - 2026-06-18 22:28:15 --> Session: Class initialized using 'CodeIgniter\Session\Handlers\FileHandler' driver.
DEBUG - 2026-06-18 22:28:15 --> Session: Class initialized using 'CodeIgniter\Session\Handlers\FileHandler' driver.
DEBUG - 2026-06-18 22:28:22 --> Session: Class initialized using 'CodeIgniter\Session\Handlers\FileHandler' driver.
DEBUG - 2026-06-18 22:28:23 --> Session: Class initialized using 'CodeIgniter\Session\Handlers\FileHandler' driver.
DEBUG - 2026-06-18 22:28:25 --> Session: Class initialized using 'CodeIgniter\Session\Handlers\FileHandler' driver.
DEBUG - 2026-06-18 22:28:26 --> Session: Class initialized using 'CodeIgniter\Session\Handlers\FileHandler' driver.
DEBUG - 2026-06-18 22:30:32 --> Session: Class initialized using 'CodeIgniter\Session\Handlers\FileHandler' driver.
DEBUG - 2026-06-18 22:30:33 --> Session: Class initialized using 'CodeIgniter\Session\Handlers\FileHandler' driver.
DEBUG - 2026-06-18 22:33:20 --> Session: Class initialized using 'CodeIgniter\Session\Handlers\FileHandler' driver.
DEBUG - 2026-06-18 22:33:21 --> Session: Class initialized using 'CodeIgniter\Session\Handlers\FileHandler' driver.
DEBUG - 2026-06-18 22:35:52 --> Session: Class initialized using 'CodeIgniter\Session\Handlers\FileHandler' driver.
DEBUG - 2026-06-18 22:35:53 --> Session: Class initialized using 'CodeIgniter\Session\Handlers\FileHandler' driver.
DEBUG - 2026-06-18 22:36:34 --> Session: Class initialized using 'CodeIgniter\Session\Handlers\FileHandler' driver.
DEBUG - 2026-06-18 22:36:35 --> Session: Class initialized using 'CodeIgniter\Session\Handlers\FileHandler' driver.
DEBUG - 2026-06-18 22:36:36 --> Session: Class initialized using 'CodeIgniter\Session\Handlers\FileHandler' driver.
DEBUG - 2026-06-18 22:36:37 --> Session: Class initialized using 'CodeIgniter\Session\Handlers\FileHandler' driver.
DEBUG - 2026-06-18 22:36:38 --> Session: Class initialized using 'CodeIgniter\Session\Handlers\FileHandler' driver.
DEBUG - 2026-06-18 22:37:17 --> Session: Class initialized using 'CodeIgniter\Session\Handlers\FileHandler' driver.
DEBUG - 2026-06-18 22:37:18 --> Session: Class initialized using 'CodeIgniter\Session\Handlers\FileHandler' driver.
DEBUG - 2026-06-18 22:37:19 --> Session: Class initialized using 'CodeIgniter\Session\Handlers\FileHandler' driver.
DEBUG - 2026-06-18 22:38:12 --> Session: Class initialized using 'CodeIgniter\Session\Handlers\FileHandler' driver.
DEBUG - 2026-06-18 22:38:13 --> Session: Class initialized using 'CodeIgniter\Session\Handlers\FileHandler' driver.
DEBUG - 2026-06-18 22:38:13 --> Session: Class initialized using 'CodeIgniter\Session\Handlers\FileHandler' driver.
DEBUG - 2026-06-18 22:38:28 --> Session: Class initialized using 'CodeIgniter\Session\Handlers\FileHandler' driver.
DEBUG - 2026-06-18 22:38:30 --> Session: Class initialized using 'CodeIgniter\Session\Handlers\FileHandler' driver.
DEBUG - 2026-06-18 22:38:47 --> Session: Class initialized using 'CodeIgniter\Session\Handlers\FileHandler' driver.
DEBUG - 2026-06-18 22:39:05 --> Session: Class initialized using 'CodeIgniter\Session\Handlers\FileHandler' driver.
DEBUG - 2026-06-18 22:39:05 --> Session: Class initialized using 'CodeIgniter\Session\Handlers\FileHandler' driver.
DEBUG - 2026-06-18 22:39:06 --> Session: Class initialized using 'CodeIgniter\Session\Handlers\FileHandler' driver.
DEBUG - 2026-06-18 22:39:07 --> Session: Class initialized using 'CodeIgniter\Session\Handlers\FileHandler' driver.
DEBUG - 2026-06-18 22:39:33 --> Session: Class initialized using 'CodeIgniter\Session\Handlers\FileHandler' driver.
DEBUG - 2026-06-18 22:39:35 --> Session: Class initialized using 'CodeIgniter\Session\Handlers\FileHandler' driver.
DEBUG - 2026-06-18 22:39:36 --> Session: Class initialized using 'CodeIgniter\Session\Handlers\FileHandler' driver.
DEBUG - 2026-06-18 22:39:43 --> Session: Class initialized using 'CodeIgniter\Session\Handlers\FileHandler' driver.
DEBUG - 2026-06-18 22:39:44 --> Session: Class initialized using 'CodeIgniter\Session\Handlers\FileHandler' driver.
DEBUG - 2026-06-18 22:39:48 --> Session: Class initialized using 'CodeIgniter\Session\Handlers\FileHandler' driver.
DEBUG - 2026-06-18 22:39:49 --> Session: Class initialized using 'CodeIgniter\Session\Handlers\FileHandler' driver.
DEBUG - 2026-06-18 22:39:52 --> Session: Class initialized using 'CodeIgniter\Session\Handlers\FileHandler' driver.
DEBUG - 2026-06-18 22:39:53 --> Session: Class initialized using 'CodeIgniter\Session\Handlers\FileHandler' driver.
DEBUG - 2026-06-18 22:39:53 --> Session: Class initialized using 'CodeIgniter\Session\Handlers\FileHandler' driver.
DEBUG - 2026-06-18 22:40:53 --> Session: Class initialized using 'CodeIgniter\Session\Handlers\FileHandler' driver.
DEBUG - 2026-06-18 22:40:53 --> Session: Class initialized using 'CodeIgniter\Session\Handlers\FileHandler' driver.
DEBUG - 2026-06-18 22:40:54 --> Session: Class initialized using 'CodeIgniter\Session\Handlers\FileHandler' driver.
DEBUG - 2026-06-18 22:40:54 --> Session: Class initialized using 'CodeIgniter\Session\Handlers\FileHandler' driver.
DEBUG - 2026-06-18 22:41:02 --> Session: Class initialized using 'CodeIgniter\Session\Handlers\FileHandler' driver.
DEBUG - 2026-06-18 22:41:04 --> Session: Class initialized using 'CodeIgniter\Session\Handlers\FileHandler' driver.
DEBUG - 2026-06-18 22:41:05 --> Session: Class initialized using 'CodeIgniter\Session\Handlers\FileHandler' driver.
DEBUG - 2026-06-18 22:41:45 --> Session: Class initialized using 'CodeIgniter\Session\Handlers\FileHandler' driver.
DEBUG - 2026-06-18 22:41:47 --> Session: Class initialized using 'CodeIgniter\Session\Handlers\FileHandler' driver.
DEBUG - 2026-06-18 22:42:03 --> Session: Class initialized using 'CodeIgniter\Session\Handlers\FileHandler' driver.
DEBUG - 2026-06-18 22:42:04 --> Session: Class initialized using 'CodeIgniter\Session\Handlers\FileHandler' driver.
DEBUG - 2026-06-18 22:42:10 --> Session: Class initialized using 'CodeIgniter\Session\Handlers\FileHandler' driver.
DEBUG - 2026-06-18 22:42:11 --> Session: Class initialized using 'CodeIgniter\Session\Handlers\FileHandler' driver.
DEBUG - 2026-06-18 22:42:34 --> Session: Class initialized using 'CodeIgniter\Session\Handlers\FileHandler' driver.
DEBUG - 2026-06-18 22:42:34 --> Session: Class initialized using 'CodeIgniter\Session\Handlers\FileHandler' driver.
DEBUG - 2026-06-18 22:42:35 --> Session: Class initialized using 'CodeIgniter\Session\Handlers\FileHandler' driver.
DEBUG - 2026-06-18 22:42:35 --> Session: Class initialized using 'CodeIgniter\Session\Handlers\FileHandler' driver.
DEBUG - 2026-06-18 22:42:47 --> Session: Class initialized using 'CodeIgniter\Session\Handlers\FileHandler' driver.
DEBUG - 2026-06-18 22:42:49 --> Session: Class initialized using 'CodeIgniter\Session\Handlers\FileHandler' driver.
DEBUG - 2026-06-18 22:42:50 --> Session: Class initialized using 'CodeIgniter\Session\Handlers\FileHandler' driver.
DEBUG - 2026-06-18 22:42:53 --> Session: Class initialized using 'CodeIgniter\Session\Handlers\FileHandler' driver.
DEBUG - 2026-06-18 22:42:55 --> Session: Class initialized using 'CodeIgniter\Session\Handlers\FileHandler' driver.
DEBUG - 2026-06-18 22:42:55 --> Session: Class initialized using 'CodeIgniter\Session\Handlers\FileHandler' driver.
DEBUG - 2026-06-18 22:42:57 --> Session: Class initialized using 'CodeIgniter\Session\Handlers\FileHandler' driver.
DEBUG - 2026-06-18 22:42:58 --> Session: Class initialized using 'CodeIgniter\Session\Handlers\FileHandler' driver.
DEBUG - 2026-06-18 22:42:59 --> Session: Class initialized using 'CodeIgniter\Session\Handlers\FileHandler' driver.
DEBUG - 2026-06-18 22:43:48 --> Session: Class initialized using 'CodeIgniter\Session\Handlers\FileHandler' driver.
DEBUG - 2026-06-18 22:43:49 --> Session: Class initialized using 'CodeIgniter\Session\Handlers\FileHandler' driver.
DEBUG - 2026-06-18 22:44:20 --> Session: Class initialized using 'CodeIgniter\Session\Handlers\FileHandler' driver.
DEBUG - 2026-06-18 22:44:21 --> Session: Class initialized using 'CodeIgniter\Session\Handlers\FileHandler' driver.
DEBUG - 2026-06-18 22:44:22 --> Session: Class initialized using 'CodeIgniter\Session\Handlers\FileHandler' driver.
DEBUG - 2026-06-18 22:44:22 --> Session: Class initialized using 'CodeIgniter\Session\Handlers\FileHandler' driver.
DEBUG - 2026-06-18 22:59:26 --> Session: Class initialized using 'CodeIgniter\Session\Handlers\FileHandler' driver.
DEBUG - 2026-06-18 22:59:28 --> Session: Class initialized using 'CodeIgniter\Session\Handlers\FileHandler' driver.
DEBUG - 2026-06-18 22:59:28 --> Session: Class initialized using 'CodeIgniter\Session\Handlers\FileHandler' driver.
DEBUG - 2026-06-18 22:59:30 --> Session: Class initialized using 'CodeIgniter\Session\Handlers\FileHandler' driver.
DEBUG - 2026-06-18 22:59:31 --> Session: Class initialized using 'CodeIgniter\Session\Handlers\FileHandler' driver.
DEBUG - 2026-06-18 22:59:32 --> Session: Class initialized using 'CodeIgniter\Session\Handlers\FileHandler' driver.
DEBUG - 2026-06-18 22:59:33 --> Session: Class initialized using 'CodeIgniter\Session\Handlers\FileHandler' driver.
DEBUG - 2026-06-18 22:59:34 --> Session: Class initialized using 'CodeIgniter\Session\Handlers\FileHandler' driver.
DEBUG - 2026-06-18 22:59:35 --> Session: Class initialized using 'CodeIgniter\Session\Handlers\FileHandler' driver.
DEBUG - 2026-06-18 23:09:02 --> Session: Class initialized using 'CodeIgniter\Session\Handlers\FileHandler' driver.
DEBUG - 2026-06-18 23:09:02 --> Session: Class initialized using 'CodeIgniter\Session\Handlers\FileHandler' driver.
DEBUG - 2026-06-18 23:09:04 --> Session: Class initialized using 'CodeIgniter\Session\Handlers\FileHandler' driver.
DEBUG - 2026-06-18 23:09:05 --> Session: Class initialized using 'CodeIgniter\Session\Handlers\FileHandler' driver.
DEBUG - 2026-06-18 23:09:08 --> Session: Class initialized using 'CodeIgniter\Session\Handlers\FileHandler' driver.
DEBUG - 2026-06-18 23:09:08 --> Session: Class initialized using 'CodeIgniter\Session\Handlers\FileHandler' driver.
DEBUG - 2026-06-18 23:09:08 --> Session: Class initialized using 'CodeIgniter\Session\Handlers\FileHandler' driver.
DEBUG - 2026-06-18 23:09:09 --> Session: Class initialized using 'CodeIgniter\Session\Handlers\FileHandler' driver.
DEBUG - 2026-06-18 23:09:20 --> Session: Class initialized using 'CodeIgniter\Session\Handlers\FileHandler' driver.
DEBUG - 2026-06-18 23:09:22 --> Session: Class initialized using 'CodeIgniter\Session\Handlers\FileHandler' driver.
DEBUG - 2026-06-18 23:09:22 --> Session: Class initialized using 'CodeIgniter\Session\Handlers\FileHandler' driver.
DEBUG - 2026-06-18 23:09:27 --> Session: Class initialized using 'CodeIgniter\Session\Handlers\FileHandler' driver.
DEBUG - 2026-06-18 23:09:28 --> Session: Class initialized using 'CodeIgniter\Session\Handlers\FileHandler' driver.
DEBUG - 2026-06-18 23:09:31 --> Session: Class initialized using 'CodeIgniter\Session\Handlers\FileHandler' driver.
DEBUG - 2026-06-18 23:09:32 --> Session: Class initialized using 'CodeIgniter\Session\Handlers\FileHandler' driver.
DEBUG - 2026-06-18 23:09:32 --> Session: Class initialized using 'CodeIgniter\Session\Handlers\FileHandler' driver.
DEBUG - 2026-06-18 23:09:33 --> Session: Class initialized using 'CodeIgniter\Session\Handlers\FileHandler' driver.
DEBUG - 2026-06-18 23:09:33 --> Session: Class initialized using 'CodeIgniter\Session\Handlers\FileHandler' driver.
DEBUG - 2026-06-18 23:09:34 --> Session: Class initialized using 'CodeIgniter\Session\Handlers\FileHandler' driver.
DEBUG - 2026-06-18 23:09:41 --> Session: Class initialized using 'CodeIgniter\Session\Handlers\FileHandler' driver.
DEBUG - 2026-06-18 23:09:42 --> Session: Class initialized using 'CodeIgniter\Session\Handlers\FileHandler' driver.
DEBUG - 2026-06-18 23:12:13 --> Session: Class initialized using 'CodeIgniter\Session\Handlers\FileHandler' driver.
DEBUG - 2026-06-18 23:12:13 --> Session: Class initialized using 'CodeIgniter\Session\Handlers\FileHandler' driver.
DEBUG - 2026-06-18 23:12:13 --> Session: Class initialized using 'CodeIgniter\Session\Handlers\FileHandler' driver.
DEBUG - 2026-06-18 23:12:14 --> Session: Class initialized using 'CodeIgniter\Session\Handlers\FileHandler' driver.
DEBUG - 2026-06-18 23:16:31 --> Session: Class initialized using 'CodeIgniter\Session\Handlers\FileHandler' driver.
DEBUG - 2026-06-18 23:16:32 --> Session: Class initialized using 'CodeIgniter\Session\Handlers\FileHandler' driver.
DEBUG - 2026-06-18 23:16:33 --> Session: Class initialized using 'CodeIgniter\Session\Handlers\FileHandler' driver.
DEBUG - 2026-06-18 23:17:25 --> Session: Class initialized using 'CodeIgniter\Session\Handlers\FileHandler' driver.
DEBUG - 2026-06-18 23:17:32 --> Session: Class initialized using 'CodeIgniter\Session\Handlers\FileHandler' driver.
DEBUG - 2026-06-18 23:19:52 --> Session: Class initialized using 'CodeIgniter\Session\Handlers\FileHandler' driver.
DEBUG - 2026-06-18 23:19:53 --> Session: Class initialized using 'CodeIgniter\Session\Handlers\FileHandler' driver.
DEBUG - 2026-06-18 23:25:01 --> Session: Class initialized using 'CodeIgniter\Session\Handlers\FileHandler' driver.
DEBUG - 2026-06-18 23:25:06 --> Session: Class initialized using 'CodeIgniter\Session\Handlers\FileHandler' driver.
DEBUG - 2026-06-18 23:25:16 --> Session: Class initialized using 'CodeIgniter\Session\Handlers\FileHandler' driver.
DEBUG - 2026-06-18 23:25:27 --> Session: Class initialized using 'CodeIgniter\Session\Handlers\FileHandler' driver.
DEBUG - 2026-06-18 23:25:32 --> Session: Class initialized using 'CodeIgniter\Session\Handlers\FileHandler' driver.
DEBUG - 2026-06-18 23:25:36 --> Session: Class initialized using 'CodeIgniter\Session\Handlers\FileHandler' driver.
DEBUG - 2026-06-18 23:25:52 --> Session: Class initialized using 'CodeIgniter\Session\Handlers\FileHandler' driver.
DEBUG - 2026-06-18 23:25:57 --> Session: Class initialized using 'CodeIgniter\Session\Handlers\FileHandler' driver.
DEBUG - 2026-06-18 23:26:21 --> Session: Class initialized using 'CodeIgniter\Session\Handlers\FileHandler' driver.
DEBUG - 2026-06-18 23:26:27 --> Session: Class initialized using 'CodeIgniter\Session\Handlers\FileHandler' driver.
DEBUG - 2026-06-18 23:26:41 --> Session: Class initialized using 'CodeIgniter\Session\Handlers\FileHandler' driver.
DEBUG - 2026-06-18 23:26:46 --> Session: Class initialized using 'CodeIgniter\Session\Handlers\FileHandler' driver.
DEBUG - 2026-06-18 23:26:53 --> Session: Class initialized using 'CodeIgniter\Session\Handlers\FileHandler' driver.
DEBUG - 2026-06-18 23:26:56 --> Session: Class initialized using 'CodeIgniter\Session\Handlers\FileHandler' driver.
DEBUG - 2026-06-18 23:27:31 --> Session: Class initialized using 'CodeIgniter\Session\Handlers\FileHandler' driver.
DEBUG - 2026-06-18 23:27:32 --> Session: Class initialized using 'CodeIgniter\Session\Handlers\FileHandler' driver.
DEBUG - 2026-06-18 23:27:34 --> Session: Class initialized using 'CodeIgniter\Session\Handlers\FileHandler' driver.
DEBUG - 2026-06-18 23:27:35 --> Session: Class initialized using 'CodeIgniter\Session\Handlers\FileHandler' driver.
DEBUG - 2026-06-18 23:27:36 --> Session: Class initialized using 'CodeIgniter\Session\Handlers\FileHandler' driver.
DEBUG - 2026-06-18 23:27:37 --> Session: Class initialized using 'CodeIgniter\Session\Handlers\FileHandler' driver.
DEBUG - 2026-06-18 23:27:48 --> Session: Class initialized using 'CodeIgniter\Session\Handlers\FileHandler' driver.
DEBUG - 2026-06-18 23:27:49 --> Session: Class initialized using 'CodeIgniter\Session\Handlers\FileHandler' driver.
DEBUG - 2026-06-18 23:27:52 --> Session: Class initialized using 'CodeIgniter\Session\Handlers\FileHandler' driver.
DEBUG - 2026-06-18 23:27:53 --> Session: Class initialized using 'CodeIgniter\Session\Handlers\FileHandler' driver.
DEBUG - 2026-06-18 23:27:54 --> Session: Class initialized using 'CodeIgniter\Session\Handlers\FileHandler' driver.
DEBUG - 2026-06-18 23:27:55 --> Session: Class initialized using 'CodeIgniter\Session\Handlers\FileHandler' driver.
DEBUG - 2026-06-18 23:27:55 --> Session: Class initialized using 'CodeIgniter\Session\Handlers\FileHandler' driver.
DEBUG - 2026-06-18 23:27:59 --> Session: Class initialized using 'CodeIgniter\Session\Handlers\FileHandler' driver.
DEBUG - 2026-06-18 23:28:00 --> Session: Class initialized using 'CodeIgniter\Session\Handlers\FileHandler' driver.
DEBUG - 2026-06-18 23:28:00 --> Session: Class initialized using 'CodeIgniter\Session\Handlers\FileHandler' driver.
DEBUG - 2026-06-18 23:28:04 --> Session: Class initialized using 'CodeIgniter\Session\Handlers\FileHandler' driver.
DEBUG - 2026-06-18 23:28:05 --> Session: Class initialized using 'CodeIgniter\Session\Handlers\FileHandler' driver.
DEBUG - 2026-06-18 23:28:08 --> Session: Class initialized using 'CodeIgniter\Session\Handlers\FileHandler' driver.
DEBUG - 2026-06-18 23:28:14 --> Session: Class initialized using 'CodeIgniter\Session\Handlers\FileHandler' driver.
DEBUG - 2026-06-18 23:28:15 --> Session: Class initialized using 'CodeIgniter\Session\Handlers\FileHandler' driver.
DEBUG - 2026-06-18 23:29:43 --> Session: Class initialized using 'CodeIgniter\Session\Handlers\FileHandler' driver.
DEBUG - 2026-06-18 23:29:44 --> Session: Class initialized using 'CodeIgniter\Session\Handlers\FileHandler' driver.
DEBUG - 2026-06-18 23:29:45 --> Session: Class initialized using 'CodeIgniter\Session\Handlers\FileHandler' driver.
DEBUG - 2026-06-18 23:35:17 --> Session: Class initialized using 'CodeIgniter\Session\Handlers\FileHandler' driver.
DEBUG - 2026-06-18 23:35:17 --> Session: Class initialized using 'CodeIgniter\Session\Handlers\FileHandler' driver.
DEBUG - 2026-06-18 23:35:26 --> Session: Class initialized using 'CodeIgniter\Session\Handlers\FileHandler' driver.
DEBUG - 2026-06-18 23:35:26 --> Session: Class initialized using 'CodeIgniter\Session\Handlers\FileHandler' driver.
DEBUG - 2026-06-18 23:35:31 --> Session: Class initialized using 'CodeIgniter\Session\Handlers\FileHandler' driver.
DEBUG - 2026-06-18 23:35:31 --> Session: Class initialized using 'CodeIgniter\Session\Handlers\FileHandler' driver.
DEBUG - 2026-06-18 23:35:31 --> Session: Class initialized using 'CodeIgniter\Session\Handlers\FileHandler' driver.
DEBUG - 2026-06-18 23:43:44 --> Session: Class initialized using 'CodeIgniter\Session\Handlers\FileHandler' driver.
DEBUG - 2026-06-18 23:43:45 --> Session: Class initialized using 'CodeIgniter\Session\Handlers\FileHandler' driver.
DEBUG - 2026-06-18 23:46:12 --> Session: Class initialized using 'CodeIgniter\Session\Handlers\FileHandler' driver.
DEBUG - 2026-06-18 23:46:12 --> Session: Class initialized using 'CodeIgniter\Session\Handlers\FileHandler' driver.
DEBUG - 2026-06-18 23:46:14 --> Session: Class initialized using 'CodeIgniter\Session\Handlers\FileHandler' driver.
DEBUG - 2026-06-18 23:46:14 --> Session: Class initialized using 'CodeIgniter\Session\Handlers\FileHandler' driver.
DEBUG - 2026-06-18 23:46:15 --> Session: Class initialized using 'CodeIgniter\Session\Handlers\FileHandler' driver.
DEBUG - 2026-06-18 23:46:59 --> Session: Class initialized using 'CodeIgniter\Session\Handlers\FileHandler' driver.
ERROR - 2026-06-18 23:46:59 --> Unknown column 'suhu_min' in 'field list'
in SYSTEMPATH\Database\MySQLi\Connection.php on line 300.
 1 SYSTEMPATH\Database\MySQLi\Connection.php(300): mysqli->query('INSERT INTO `settings` (`suhu_min`, `suhu_max`, `kelembaban_min`, `kelembaban_max`, `created_at`, `updated_at`) VALUES (\'25\', \'30\', \'60\', \'63\', \'2026-06-18 23:46:59\', \'2026-06-18 23:46:59\')', 0)
 2 SYSTEMPATH\Database\BaseConnection.php(769): CodeIgniter\Database\MySQLi\Connection->execute('INSERT INTO `settings` (`suhu_min`, `suhu_max`, `kelembaban_min`, `kelembaban_max`, `created_at`, `updated_at`) VALUES (\'25\', \'30\', \'60\', \'63\', \'2026-06-18 23:46:59\', \'2026-06-18 23:46:59\')')
 3 SYSTEMPATH\Database\BaseConnection.php(686): CodeIgniter\Database\BaseConnection->simpleQuery('INSERT INTO `settings` (`suhu_min`, `suhu_max`, `kelembaban_min`, `kelembaban_max`, `created_at`, `updated_at`) VALUES (\'25\', \'30\', \'60\', \'63\', \'2026-06-18 23:46:59\', \'2026-06-18 23:46:59\')')
 4 SYSTEMPATH\Database\BaseBuilder.php(2345): CodeIgniter\Database\BaseConnection->query('INSERT INTO `settings` (`suhu_min`, `suhu_max`, `kelembaban_min`, `kelembaban_max`, `created_at`, `updated_at`) VALUES (:suhu_min:, :suhu_max:, :kelembaban_min:, :kelembaban_max:, :created_at:, :updated_at:)', [...], false)
 5 SYSTEMPATH\Model.php(356): CodeIgniter\Database\BaseBuilder->insert()
 6 SYSTEMPATH\BaseModel.php(898): CodeIgniter\Model->doInsert([...])
 7 SYSTEMPATH\Model.php(665): CodeIgniter\BaseModel->insert([...], true)
 8 APPPATH\Controllers\Admin\Notification.php(39): CodeIgniter\Model->insert([...])
 9 SYSTEMPATH\CodeIgniter.php(951): App\Controllers\Admin\Notification->updateSettings()
10 SYSTEMPATH\CodeIgniter.php(497): CodeIgniter\CodeIgniter->runController(Object(App\Controllers\Admin\Notification))
11 SYSTEMPATH\CodeIgniter.php(340): CodeIgniter\CodeIgniter->handleRequest(null, Object(Config\Cache), false)
12 SYSTEMPATH\Boot.php(417): CodeIgniter\CodeIgniter->run()
13 SYSTEMPATH\Boot.php(68): CodeIgniter\Boot::runCodeIgniter(Object(CodeIgniter\CodeIgniter))
14 FCPATH\index.php(59): CodeIgniter\Boot::bootWeb(Object(Config\Paths))
15 SYSTEMPATH\rewrite.php(44): require_once('C:\\Users\\YOGA 6\\Downloads\\PRAKTIKUM MOBILE\\Praktikum DHT 11\\ci4-app\\public\\index.php')
CRITICAL - 2026-06-18 23:47:00 --> CodeIgniter\Database\Exceptions\DatabaseException: Unknown column 'suhu_min' in 'field list'
[Method: POST, Route: api/admin/settings]
in SYSTEMPATH\Database\BaseConnection.php on line 724.
 1 SYSTEMPATH\Database\BaseBuilder.php(2345): CodeIgniter\Database\BaseConnection->query('INSERT INTO `settings` (`suhu_min`, `suhu_max`, `kelembaban_min`, `kelembaban_max`, `created_at`, `updated_at`) VALUES (:suhu_min:, :suhu_max:, :kelembaban_min:, :kelembaban_max:, :created_at:, :updated_at:)', [...], false)
 2 SYSTEMPATH\Model.php(356): CodeIgniter\Database\BaseBuilder->insert()
 3 SYSTEMPATH\BaseModel.php(898): CodeIgniter\Model->doInsert([...])
 4 SYSTEMPATH\Model.php(665): CodeIgniter\BaseModel->insert([...], true)
 5 APPPATH\Controllers\Admin\Notification.php(39): CodeIgniter\Model->insert([...])
 6 SYSTEMPATH\CodeIgniter.php(951): App\Controllers\Admin\Notification->updateSettings()
 7 SYSTEMPATH\CodeIgniter.php(497): CodeIgniter\CodeIgniter->runController(Object(App\Controllers\Admin\Notification))
 8 SYSTEMPATH\CodeIgniter.php(340): CodeIgniter\CodeIgniter->handleRequest(null, Object(Config\Cache), false)
 9 SYSTEMPATH\Boot.php(417): CodeIgniter\CodeIgniter->run()
10 SYSTEMPATH\Boot.php(68): CodeIgniter\Boot::runCodeIgniter(Object(CodeIgniter\CodeIgniter))
11 FCPATH\index.php(59): CodeIgniter\Boot::bootWeb(Object(Config\Paths))
12 SYSTEMPATH\rewrite.php(44): require_once('C:\\Users\\YOGA 6\\Downloads\\PRAKTIKUM MOBILE\\Praktikum DHT 11\\ci4-app\\public\\index.php')
CRITICAL - 2026-06-18 23:47:00 --> [Caused by] CodeIgniter\Database\Exceptions\DatabaseException: Unknown column 'suhu_min' in 'field list'
in SYSTEMPATH\Database\MySQLi\Connection.php on line 310.
 1 SYSTEMPATH\Database\BaseConnection.php(769): CodeIgniter\Database\MySQLi\Connection->execute('INSERT INTO `settings` (`suhu_min`, `suhu_max`, `kelembaban_min`, `kelembaban_max`, `created_at`, `updated_at`) VALUES (\'25\', \'30\', \'60\', \'63\', \'2026-06-18 23:46:59\', \'2026-06-18 23:46:59\')')
 2 SYSTEMPATH\Database\BaseConnection.php(686): CodeIgniter\Database\BaseConnection->simpleQuery('INSERT INTO `settings` (`suhu_min`, `suhu_max`, `kelembaban_min`, `kelembaban_max`, `created_at`, `updated_at`) VALUES (\'25\', \'30\', \'60\', \'63\', \'2026-06-18 23:46:59\', \'2026-06-18 23:46:59\')')
 3 SYSTEMPATH\Database\BaseBuilder.php(2345): CodeIgniter\Database\BaseConnection->query('INSERT INTO `settings` (`suhu_min`, `suhu_max`, `kelembaban_min`, `kelembaban_max`, `created_at`, `updated_at`) VALUES (:suhu_min:, :suhu_max:, :kelembaban_min:, :kelembaban_max:, :created_at:, :updated_at:)', [...], false)
 4 SYSTEMPATH\Model.php(356): CodeIgniter\Database\BaseBuilder->insert()
 5 SYSTEMPATH\BaseModel.php(898): CodeIgniter\Model->doInsert([...])
 6 SYSTEMPATH\Model.php(665): CodeIgniter\BaseModel->insert([...], true)
 7 APPPATH\Controllers\Admin\Notification.php(39): CodeIgniter\Model->insert([...])
 8 SYSTEMPATH\CodeIgniter.php(951): App\Controllers\Admin\Notification->updateSettings()
 9 SYSTEMPATH\CodeIgniter.php(497): CodeIgniter\CodeIgniter->runController(Object(App\Controllers\Admin\Notification))
10 SYSTEMPATH\CodeIgniter.php(340): CodeIgniter\CodeIgniter->handleRequest(null, Object(Config\Cache), false)
11 SYSTEMPATH\Boot.php(417): CodeIgniter\CodeIgniter->run()
12 SYSTEMPATH\Boot.php(68): CodeIgniter\Boot::runCodeIgniter(Object(CodeIgniter\CodeIgniter))
13 FCPATH\index.php(59): CodeIgniter\Boot::bootWeb(Object(Config\Paths))
14 SYSTEMPATH\rewrite.php(44): require_once('C:\\Users\\YOGA 6\\Downloads\\PRAKTIKUM MOBILE\\Praktikum DHT 11\\ci4-app\\public\\index.php')
CRITICAL - 2026-06-18 23:47:00 --> [Caused by] mysqli_sql_exception: Unknown column 'suhu_min' in 'field list'
in SYSTEMPATH\Database\MySQLi\Connection.php on line 300.
 1 SYSTEMPATH\Database\MySQLi\Connection.php(300): mysqli->query('INSERT INTO `settings` (`suhu_min`, `suhu_max`, `kelembaban_min`, `kelembaban_max`, `created_at`, `updated_at`) VALUES (\'25\', \'30\', \'60\', \'63\', \'2026-06-18 23:46:59\', \'2026-06-18 23:46:59\')', 0)
 2 SYSTEMPATH\Database\BaseConnection.php(769): CodeIgniter\Database\MySQLi\Connection->execute('INSERT INTO `settings` (`suhu_min`, `suhu_max`, `kelembaban_min`, `kelembaban_max`, `created_at`, `updated_at`) VALUES (\'25\', \'30\', \'60\', \'63\', \'2026-06-18 23:46:59\', \'2026-06-18 23:46:59\')')
 3 SYSTEMPATH\Database\BaseConnection.php(686): CodeIgniter\Database\BaseConnection->simpleQuery('INSERT INTO `settings` (`suhu_min`, `suhu_max`, `kelembaban_min`, `kelembaban_max`, `created_at`, `updated_at`) VALUES (\'25\', \'30\', \'60\', \'63\', \'2026-06-18 23:46:59\', \'2026-06-18 23:46:59\')')
 4 SYSTEMPATH\Database\BaseBuilder.php(2345): CodeIgniter\Database\BaseConnection->query('INSERT INTO `settings` (`suhu_min`, `suhu_max`, `kelembaban_min`, `kelembaban_max`, `created_at`, `updated_at`) VALUES (:suhu_min:, :suhu_max:, :kelembaban_min:, :kelembaban_max:, :created_at:, :updated_at:)', [...], false)
 5 SYSTEMPATH\Model.php(356): CodeIgniter\Database\BaseBuilder->insert()
 6 SYSTEMPATH\BaseModel.php(898): CodeIgniter\Model->doInsert([...])
 7 SYSTEMPATH\Model.php(665): CodeIgniter\BaseModel->insert([...], true)
 8 APPPATH\Controllers\Admin\Notification.php(39): CodeIgniter\Model->insert([...])
 9 SYSTEMPATH\CodeIgniter.php(951): App\Controllers\Admin\Notification->updateSettings()
10 SYSTEMPATH\CodeIgniter.php(497): CodeIgniter\CodeIgniter->runController(Object(App\Controllers\Admin\Notification))
11 SYSTEMPATH\CodeIgniter.php(340): CodeIgniter\CodeIgniter->handleRequest(null, Object(Config\Cache), false)
12 SYSTEMPATH\Boot.php(417): CodeIgniter\CodeIgniter->run()
13 SYSTEMPATH\Boot.php(68): CodeIgniter\Boot::runCodeIgniter(Object(CodeIgniter\CodeIgniter))
14 FCPATH\index.php(59): CodeIgniter\Boot::bootWeb(Object(Config\Paths))
15 SYSTEMPATH\rewrite.php(44): require_once('C:\\Users\\YOGA 6\\Downloads\\PRAKTIKUM MOBILE\\Praktikum DHT 11\\ci4-app\\public\\index.php')
DEBUG - 2026-06-18 23:47:06 --> Session: Class initialized using 'CodeIgniter\Session\Handlers\FileHandler' driver.
ERROR - 2026-06-18 23:47:06 --> Unknown column 'suhu_min' in 'field list'
in SYSTEMPATH\Database\MySQLi\Connection.php on line 300.
 1 SYSTEMPATH\Database\MySQLi\Connection.php(300): mysqli->query('INSERT INTO `settings` (`suhu_min`, `suhu_max`, `kelembaban_min`, `kelembaban_max`, `created_at`, `updated_at`) VALUES (\'25\', \'30\', \'60\', \'63\', \'2026-06-18 23:47:06\', \'2026-06-18 23:47:06\')', 0)
 2 SYSTEMPATH\Database\BaseConnection.php(769): CodeIgniter\Database\MySQLi\Connection->execute('INSERT INTO `settings` (`suhu_min`, `suhu_max`, `kelembaban_min`, `kelembaban_max`, `created_at`, `updated_at`) VALUES (\'25\', \'30\', \'60\', \'63\', \'2026-06-18 23:47:06\', \'2026-06-18 23:47:06\')')
 3 SYSTEMPATH\Database\BaseConnection.php(686): CodeIgniter\Database\BaseConnection->simpleQuery('INSERT INTO `settings` (`suhu_min`, `suhu_max`, `kelembaban_min`, `kelembaban_max`, `created_at`, `updated_at`) VALUES (\'25\', \'30\', \'60\', \'63\', \'2026-06-18 23:47:06\', \'2026-06-18 23:47:06\')')
 4 SYSTEMPATH\Database\BaseBuilder.php(2345): CodeIgniter\Database\BaseConnection->query('INSERT INTO `settings` (`suhu_min`, `suhu_max`, `kelembaban_min`, `kelembaban_max`, `created_at`, `updated_at`) VALUES (:suhu_min:, :suhu_max:, :kelembaban_min:, :kelembaban_max:, :created_at:, :updated_at:)', [...], false)
 5 SYSTEMPATH\Model.php(356): CodeIgniter\Database\BaseBuilder->insert()
 6 SYSTEMPATH\BaseModel.php(898): CodeIgniter\Model->doInsert([...])
 7 SYSTEMPATH\Model.php(665): CodeIgniter\BaseModel->insert([...], true)
 8 APPPATH\Controllers\Admin\Notification.php(39): CodeIgniter\Model->insert([...])
 9 SYSTEMPATH\CodeIgniter.php(951): App\Controllers\Admin\Notification->updateSettings()
10 SYSTEMPATH\CodeIgniter.php(497): CodeIgniter\CodeIgniter->runController(Object(App\Controllers\Admin\Notification))
11 SYSTEMPATH\CodeIgniter.php(340): CodeIgniter\CodeIgniter->handleRequest(null, Object(Config\Cache), false)
12 SYSTEMPATH\Boot.php(417): CodeIgniter\CodeIgniter->run()
13 SYSTEMPATH\Boot.php(68): CodeIgniter\Boot::runCodeIgniter(Object(CodeIgniter\CodeIgniter))
14 FCPATH\index.php(59): CodeIgniter\Boot::bootWeb(Object(Config\Paths))
15 SYSTEMPATH\rewrite.php(44): require_once('C:\\Users\\YOGA 6\\Downloads\\PRAKTIKUM MOBILE\\Praktikum DHT 11\\ci4-app\\public\\index.php')
CRITICAL - 2026-06-18 23:47:06 --> CodeIgniter\Database\Exceptions\DatabaseException: Unknown column 'suhu_min' in 'field list'
[Method: POST, Route: api/admin/settings]
in SYSTEMPATH\Database\BaseConnection.php on line 724.
 1 SYSTEMPATH\Database\BaseBuilder.php(2345): CodeIgniter\Database\BaseConnection->query('INSERT INTO `settings` (`suhu_min`, `suhu_max`, `kelembaban_min`, `kelembaban_max`, `created_at`, `updated_at`) VALUES (:suhu_min:, :suhu_max:, :kelembaban_min:, :kelembaban_max:, :created_at:, :updated_at:)', [...], false)
 2 SYSTEMPATH\Model.php(356): CodeIgniter\Database\BaseBuilder->insert()
 3 SYSTEMPATH\BaseModel.php(898): CodeIgniter\Model->doInsert([...])
 4 SYSTEMPATH\Model.php(665): CodeIgniter\BaseModel->insert([...], true)
 5 APPPATH\Controllers\Admin\Notification.php(39): CodeIgniter\Model->insert([...])
 6 SYSTEMPATH\CodeIgniter.php(951): App\Controllers\Admin\Notification->updateSettings()
 7 SYSTEMPATH\CodeIgniter.php(497): CodeIgniter\CodeIgniter->runController(Object(App\Controllers\Admin\Notification))
 8 SYSTEMPATH\CodeIgniter.php(340): CodeIgniter\CodeIgniter->handleRequest(null, Object(Config\Cache), false)
 9 SYSTEMPATH\Boot.php(417): CodeIgniter\CodeIgniter->run()
10 SYSTEMPATH\Boot.php(68): CodeIgniter\Boot::runCodeIgniter(Object(CodeIgniter\CodeIgniter))
11 FCPATH\index.php(59): CodeIgniter\Boot::bootWeb(Object(Config\Paths))
12 SYSTEMPATH\rewrite.php(44): require_once('C:\\Users\\YOGA 6\\Downloads\\PRAKTIKUM MOBILE\\Praktikum DHT 11\\ci4-app\\public\\index.php')
CRITICAL - 2026-06-18 23:47:06 --> [Caused by] CodeIgniter\Database\Exceptions\DatabaseException: Unknown column 'suhu_min' in 'field list'
in SYSTEMPATH\Database\MySQLi\Connection.php on line 310.
 1 SYSTEMPATH\Database\BaseConnection.php(769): CodeIgniter\Database\MySQLi\Connection->execute('INSERT INTO `settings` (`suhu_min`, `suhu_max`, `kelembaban_min`, `kelembaban_max`, `created_at`, `updated_at`) VALUES (\'25\', \'30\', \'60\', \'63\', \'2026-06-18 23:47:06\', \'2026-06-18 23:47:06\')')
 2 SYSTEMPATH\Database\BaseConnection.php(686): CodeIgniter\Database\BaseConnection->simpleQuery('INSERT INTO `settings` (`suhu_min`, `suhu_max`, `kelembaban_min`, `kelembaban_max`, `created_at`, `updated_at`) VALUES (\'25\', \'30\', \'60\', \'63\', \'2026-06-18 23:47:06\', \'2026-06-18 23:47:06\')')
 3 SYSTEMPATH\Database\BaseBuilder.php(2345): CodeIgniter\Database\BaseConnection->query('INSERT INTO `settings` (`suhu_min`, `suhu_max`, `kelembaban_min`, `kelembaban_max`, `created_at`, `updated_at`) VALUES (:suhu_min:, :suhu_max:, :kelembaban_min:, :kelembaban_max:, :created_at:, :updated_at:)', [...], false)
 4 SYSTEMPATH\Model.php(356): CodeIgniter\Database\BaseBuilder->insert()
 5 SYSTEMPATH\BaseModel.php(898): CodeIgniter\Model->doInsert([...])
 6 SYSTEMPATH\Model.php(665): CodeIgniter\BaseModel->insert([...], true)
 7 APPPATH\Controllers\Admin\Notification.php(39): CodeIgniter\Model->insert([...])
 8 SYSTEMPATH\CodeIgniter.php(951): App\Controllers\Admin\Notification->updateSettings()
 9 SYSTEMPATH\CodeIgniter.php(497): CodeIgniter\CodeIgniter->runController(Object(App\Controllers\Admin\Notification))
10 SYSTEMPATH\CodeIgniter.php(340): CodeIgniter\CodeIgniter->handleRequest(null, Object(Config\Cache), false)
11 SYSTEMPATH\Boot.php(417): CodeIgniter\CodeIgniter->run()
12 SYSTEMPATH\Boot.php(68): CodeIgniter\Boot::runCodeIgniter(Object(CodeIgniter\CodeIgniter))
13 FCPATH\index.php(59): CodeIgniter\Boot::bootWeb(Object(Config\Paths))
14 SYSTEMPATH\rewrite.php(44): require_once('C:\\Users\\YOGA 6\\Downloads\\PRAKTIKUM MOBILE\\Praktikum DHT 11\\ci4-app\\public\\index.php')
CRITICAL - 2026-06-18 23:47:06 --> [Caused by] mysqli_sql_exception: Unknown column 'suhu_min' in 'field list'
in SYSTEMPATH\Database\MySQLi\Connection.php on line 300.
 1 SYSTEMPATH\Database\MySQLi\Connection.php(300): mysqli->query('INSERT INTO `settings` (`suhu_min`, `suhu_max`, `kelembaban_min`, `kelembaban_max`, `created_at`, `updated_at`) VALUES (\'25\', \'30\', \'60\', \'63\', \'2026-06-18 23:47:06\', \'2026-06-18 23:47:06\')', 0)
 2 SYSTEMPATH\Database\BaseConnection.php(769): CodeIgniter\Database\MySQLi\Connection->execute('INSERT INTO `settings` (`suhu_min`, `suhu_max`, `kelembaban_min`, `kelembaban_max`, `created_at`, `updated_at`) VALUES (\'25\', \'30\', \'60\', \'63\', \'2026-06-18 23:47:06\', \'2026-06-18 23:47:06\')')
 3 SYSTEMPATH\Database\BaseConnection.php(686): CodeIgniter\Database\BaseConnection->simpleQuery('INSERT INTO `settings` (`suhu_min`, `suhu_max`, `kelembaban_min`, `kelembaban_max`, `created_at`, `updated_at`) VALUES (\'25\', \'30\', \'60\', \'63\', \'2026-06-18 23:47:06\', \'2026-06-18 23:47:06\')')
 4 SYSTEMPATH\Database\BaseBuilder.php(2345): CodeIgniter\Database\BaseConnection->query('INSERT INTO `settings` (`suhu_min`, `suhu_max`, `kelembaban_min`, `kelembaban_max`, `created_at`, `updated_at`) VALUES (:suhu_min:, :suhu_max:, :kelembaban_min:, :kelembaban_max:, :created_at:, :updated_at:)', [...], false)
 5 SYSTEMPATH\Model.php(356): CodeIgniter\Database\BaseBuilder->insert()
 6 SYSTEMPATH\BaseModel.php(898): CodeIgniter\Model->doInsert([...])
 7 SYSTEMPATH\Model.php(665): CodeIgniter\BaseModel->insert([...], true)
 8 APPPATH\Controllers\Admin\Notification.php(39): CodeIgniter\Model->insert([...])
 9 SYSTEMPATH\CodeIgniter.php(951): App\Controllers\Admin\Notification->updateSettings()
10 SYSTEMPATH\CodeIgniter.php(497): CodeIgniter\CodeIgniter->runController(Object(App\Controllers\Admin\Notification))
11 SYSTEMPATH\CodeIgniter.php(340): CodeIgniter\CodeIgniter->handleRequest(null, Object(Config\Cache), false)
12 SYSTEMPATH\Boot.php(417): CodeIgniter\CodeIgniter->run()
13 SYSTEMPATH\Boot.php(68): CodeIgniter\Boot::runCodeIgniter(Object(CodeIgniter\CodeIgniter))
14 FCPATH\index.php(59): CodeIgniter\Boot::bootWeb(Object(Config\Paths))
15 SYSTEMPATH\rewrite.php(44): require_once('C:\\Users\\YOGA 6\\Downloads\\PRAKTIKUM MOBILE\\Praktikum DHT 11\\ci4-app\\public\\index.php')
DEBUG - 2026-06-18 23:47:09 --> Session: Class initialized using 'CodeIgniter\Session\Handlers\FileHandler' driver.
DEBUG - 2026-06-18 23:47:10 --> Session: Class initialized using 'CodeIgniter\Session\Handlers\FileHandler' driver.
DEBUG - 2026-06-18 23:47:15 --> Session: Class initialized using 'CodeIgniter\Session\Handlers\FileHandler' driver.
DEBUG - 2026-06-18 23:47:15 --> Session: Class initialized using 'CodeIgniter\Session\Handlers\FileHandler' driver.
DEBUG - 2026-06-18 23:47:16 --> Session: Class initialized using 'CodeIgniter\Session\Handlers\FileHandler' driver.
DEBUG - 2026-06-18 23:47:45 --> Session: Class initialized using 'CodeIgniter\Session\Handlers\FileHandler' driver.
ERROR - 2026-06-18 23:47:45 --> Unknown column 'suhu_min' in 'field list'
in SYSTEMPATH\Database\MySQLi\Connection.php on line 300.
 1 SYSTEMPATH\Database\MySQLi\Connection.php(300): mysqli->query('INSERT INTO `settings` (`suhu_min`, `suhu_max`, `kelembaban_min`, `kelembaban_max`, `created_at`, `updated_at`) VALUES (\'25.00\', \'30.00\', \'60.00\', \'64.00\', \'2026-06-18 23:47:45\', \'2026-06-18 23:47:45\')', 0)
 2 SYSTEMPATH\Database\BaseConnection.php(769): CodeIgniter\Database\MySQLi\Connection->execute('INSERT INTO `settings` (`suhu_min`, `suhu_max`, `kelembaban_min`, `kelembaban_max`, `created_at`, `updated_at`) VALUES (\'25.00\', \'30.00\', \'60.00\', \'64.00\', \'2026-06-18 23:47:45\', \'2026-06-18 23:47:45\')')
 3 SYSTEMPATH\Database\BaseConnection.php(686): CodeIgniter\Database\BaseConnection->simpleQuery('INSERT INTO `settings` (`suhu_min`, `suhu_max`, `kelembaban_min`, `kelembaban_max`, `created_at`, `updated_at`) VALUES (\'25.00\', \'30.00\', \'60.00\', \'64.00\', \'2026-06-18 23:47:45\', \'2026-06-18 23:47:45\')')
 4 SYSTEMPATH\Database\BaseBuilder.php(2345): CodeIgniter\Database\BaseConnection->query('INSERT INTO `settings` (`suhu_min`, `suhu_max`, `kelembaban_min`, `kelembaban_max`, `created_at`, `updated_at`) VALUES (:suhu_min:, :suhu_max:, :kelembaban_min:, :kelembaban_max:, :created_at:, :updated_at:)', [...], false)
 5 SYSTEMPATH\Model.php(356): CodeIgniter\Database\BaseBuilder->insert()
 6 SYSTEMPATH\BaseModel.php(898): CodeIgniter\Model->doInsert([...])
 7 SYSTEMPATH\Model.php(665): CodeIgniter\BaseModel->insert([...], true)
 8 APPPATH\Controllers\Admin\Notification.php(39): CodeIgniter\Model->insert([...])
 9 SYSTEMPATH\CodeIgniter.php(951): App\Controllers\Admin\Notification->updateSettings()
10 SYSTEMPATH\CodeIgniter.php(497): CodeIgniter\CodeIgniter->runController(Object(App\Controllers\Admin\Notification))
11 SYSTEMPATH\CodeIgniter.php(340): CodeIgniter\CodeIgniter->handleRequest(null, Object(Config\Cache), false)
12 SYSTEMPATH\Boot.php(417): CodeIgniter\CodeIgniter->run()
13 SYSTEMPATH\Boot.php(68): CodeIgniter\Boot::runCodeIgniter(Object(CodeIgniter\CodeIgniter))
14 FCPATH\index.php(59): CodeIgniter\Boot::bootWeb(Object(Config\Paths))
15 SYSTEMPATH\rewrite.php(44): require_once('C:\\Users\\YOGA 6\\Downloads\\PRAKTIKUM MOBILE\\Praktikum DHT 11\\ci4-app\\public\\index.php')
CRITICAL - 2026-06-18 23:47:45 --> CodeIgniter\Database\Exceptions\DatabaseException: Unknown column 'suhu_min' in 'field list'
[Method: POST, Route: api/admin/settings]
in SYSTEMPATH\Database\BaseConnection.php on line 724.
 1 SYSTEMPATH\Database\BaseBuilder.php(2345): CodeIgniter\Database\BaseConnection->query('INSERT INTO `settings` (`suhu_min`, `suhu_max`, `kelembaban_min`, `kelembaban_max`, `created_at`, `updated_at`) VALUES (:suhu_min:, :suhu_max:, :kelembaban_min:, :kelembaban_max:, :created_at:, :updated_at:)', [...], false)
 2 SYSTEMPATH\Model.php(356): CodeIgniter\Database\BaseBuilder->insert()
 3 SYSTEMPATH\BaseModel.php(898): CodeIgniter\Model->doInsert([...])
 4 SYSTEMPATH\Model.php(665): CodeIgniter\BaseModel->insert([...], true)
 5 APPPATH\Controllers\Admin\Notification.php(39): CodeIgniter\Model->insert([...])
 6 SYSTEMPATH\CodeIgniter.php(951): App\Controllers\Admin\Notification->updateSettings()
 7 SYSTEMPATH\CodeIgniter.php(497): CodeIgniter\CodeIgniter->runController(Object(App\Controllers\Admin\Notification))
 8 SYSTEMPATH\CodeIgniter.php(340): CodeIgniter\CodeIgniter->handleRequest(null, Object(Config\Cache), false)
 9 SYSTEMPATH\Boot.php(417): CodeIgniter\CodeIgniter->run()
10 SYSTEMPATH\Boot.php(68): CodeIgniter\Boot::runCodeIgniter(Object(CodeIgniter\CodeIgniter))
11 FCPATH\index.php(59): CodeIgniter\Boot::bootWeb(Object(Config\Paths))
12 SYSTEMPATH\rewrite.php(44): require_once('C:\\Users\\YOGA 6\\Downloads\\PRAKTIKUM MOBILE\\Praktikum DHT 11\\ci4-app\\public\\index.php')
CRITICAL - 2026-06-18 23:47:45 --> [Caused by] CodeIgniter\Database\Exceptions\DatabaseException: Unknown column 'suhu_min' in 'field list'
in SYSTEMPATH\Database\MySQLi\Connection.php on line 310.
 1 SYSTEMPATH\Database\BaseConnection.php(769): CodeIgniter\Database\MySQLi\Connection->execute('INSERT INTO `settings` (`suhu_min`, `suhu_max`, `kelembaban_min`, `kelembaban_max`, `created_at`, `updated_at`) VALUES (\'25.00\', \'30.00\', \'60.00\', \'64.00\', \'2026-06-18 23:47:45\', \'2026-06-18 23:47:45\')')
 2 SYSTEMPATH\Database\BaseConnection.php(686): CodeIgniter\Database\BaseConnection->simpleQuery('INSERT INTO `settings` (`suhu_min`, `suhu_max`, `kelembaban_min`, `kelembaban_max`, `created_at`, `updated_at`) VALUES (\'25.00\', \'30.00\', \'60.00\', \'64.00\', \'2026-06-18 23:47:45\', \'2026-06-18 23:47:45\')')
 3 SYSTEMPATH\Database\BaseBuilder.php(2345): CodeIgniter\Database\BaseConnection->query('INSERT INTO `settings` (`suhu_min`, `suhu_max`, `kelembaban_min`, `kelembaban_max`, `created_at`, `updated_at`) VALUES (:suhu_min:, :suhu_max:, :kelembaban_min:, :kelembaban_max:, :created_at:, :updated_at:)', [...], false)
 4 SYSTEMPATH\Model.php(356): CodeIgniter\Database\BaseBuilder->insert()
 5 SYSTEMPATH\BaseModel.php(898): CodeIgniter\Model->doInsert([...])
 6 SYSTEMPATH\Model.php(665): CodeIgniter\BaseModel->insert([...], true)
 7 APPPATH\Controllers\Admin\Notification.php(39): CodeIgniter\Model->insert([...])
 8 SYSTEMPATH\CodeIgniter.php(951): App\Controllers\Admin\Notification->updateSettings()
 9 SYSTEMPATH\CodeIgniter.php(497): CodeIgniter\CodeIgniter->runController(Object(App\Controllers\Admin\Notification))
10 SYSTEMPATH\CodeIgniter.php(340): CodeIgniter\CodeIgniter->handleRequest(null, Object(Config\Cache), false)
11 SYSTEMPATH\Boot.php(417): CodeIgniter\CodeIgniter->run()
12 SYSTEMPATH\Boot.php(68): CodeIgniter\Boot::runCodeIgniter(Object(CodeIgniter\CodeIgniter))
13 FCPATH\index.php(59): CodeIgniter\Boot::bootWeb(Object(Config\Paths))
14 SYSTEMPATH\rewrite.php(44): require_once('C:\\Users\\YOGA 6\\Downloads\\PRAKTIKUM MOBILE\\Praktikum DHT 11\\ci4-app\\public\\index.php')
CRITICAL - 2026-06-18 23:47:45 --> [Caused by] mysqli_sql_exception: Unknown column 'suhu_min' in 'field list'
in SYSTEMPATH\Database\MySQLi\Connection.php on line 300.
 1 SYSTEMPATH\Database\MySQLi\Connection.php(300): mysqli->query('INSERT INTO `settings` (`suhu_min`, `suhu_max`, `kelembaban_min`, `kelembaban_max`, `created_at`, `updated_at`) VALUES (\'25.00\', \'30.00\', \'60.00\', \'64.00\', \'2026-06-18 23:47:45\', \'2026-06-18 23:47:45\')', 0)
 2 SYSTEMPATH\Database\BaseConnection.php(769): CodeIgniter\Database\MySQLi\Connection->execute('INSERT INTO `settings` (`suhu_min`, `suhu_max`, `kelembaban_min`, `kelembaban_max`, `created_at`, `updated_at`) VALUES (\'25.00\', \'30.00\', \'60.00\', \'64.00\', \'2026-06-18 23:47:45\', \'2026-06-18 23:47:45\')')
 3 SYSTEMPATH\Database\BaseConnection.php(686): CodeIgniter\Database\BaseConnection->simpleQuery('INSERT INTO `settings` (`suhu_min`, `suhu_max`, `kelembaban_min`, `kelembaban_max`, `created_at`, `updated_at`) VALUES (\'25.00\', \'30.00\', \'60.00\', \'64.00\', \'2026-06-18 23:47:45\', \'2026-06-18 23:47:45\')')
 4 SYSTEMPATH\Database\BaseBuilder.php(2345): CodeIgniter\Database\BaseConnection->query('INSERT INTO `settings` (`suhu_min`, `suhu_max`, `kelembaban_min`, `kelembaban_max`, `created_at`, `updated_at`) VALUES (:suhu_min:, :suhu_max:, :kelembaban_min:, :kelembaban_max:, :created_at:, :updated_at:)', [...], false)
 5 SYSTEMPATH\Model.php(356): CodeIgniter\Database\BaseBuilder->insert()
 6 SYSTEMPATH\BaseModel.php(898): CodeIgniter\Model->doInsert([...])
 7 SYSTEMPATH\Model.php(665): CodeIgniter\BaseModel->insert([...], true)
 8 APPPATH\Controllers\Admin\Notification.php(39): CodeIgniter\Model->insert([...])
 9 SYSTEMPATH\CodeIgniter.php(951): App\Controllers\Admin\Notification->updateSettings()
10 SYSTEMPATH\CodeIgniter.php(497): CodeIgniter\CodeIgniter->runController(Object(App\Controllers\Admin\Notification))
11 SYSTEMPATH\CodeIgniter.php(340): CodeIgniter\CodeIgniter->handleRequest(null, Object(Config\Cache), false)
12 SYSTEMPATH\Boot.php(417): CodeIgniter\CodeIgniter->run()
13 SYSTEMPATH\Boot.php(68): CodeIgniter\Boot::runCodeIgniter(Object(CodeIgniter\CodeIgniter))
14 FCPATH\index.php(59): CodeIgniter\Boot::bootWeb(Object(Config\Paths))
15 SYSTEMPATH\rewrite.php(44): require_once('C:\\Users\\YOGA 6\\Downloads\\PRAKTIKUM MOBILE\\Praktikum DHT 11\\ci4-app\\public\\index.php')
DEBUG - 2026-06-18 23:47:46 --> Session: Class initialized using 'CodeIgniter\Session\Handlers\FileHandler' driver.
ERROR - 2026-06-18 23:47:47 --> Unknown column 'suhu_min' in 'field list'
in SYSTEMPATH\Database\MySQLi\Connection.php on line 300.
 1 SYSTEMPATH\Database\MySQLi\Connection.php(300): mysqli->query('INSERT INTO `settings` (`suhu_min`, `suhu_max`, `kelembaban_min`, `kelembaban_max`, `created_at`, `updated_at`) VALUES (\'25.00\', \'30.00\', \'60.00\', \'64.00\', \'2026-06-18 23:47:47\', \'2026-06-18 23:47:47\')', 0)
 2 SYSTEMPATH\Database\BaseConnection.php(769): CodeIgniter\Database\MySQLi\Connection->execute('INSERT INTO `settings` (`suhu_min`, `suhu_max`, `kelembaban_min`, `kelembaban_max`, `created_at`, `updated_at`) VALUES (\'25.00\', \'30.00\', \'60.00\', \'64.00\', \'2026-06-18 23:47:47\', \'2026-06-18 23:47:47\')')
 3 SYSTEMPATH\Database\BaseConnection.php(686): CodeIgniter\Database\BaseConnection->simpleQuery('INSERT INTO `settings` (`suhu_min`, `suhu_max`, `kelembaban_min`, `kelembaban_max`, `created_at`, `updated_at`) VALUES (\'25.00\', \'30.00\', \'60.00\', \'64.00\', \'2026-06-18 23:47:47\', \'2026-06-18 23:47:47\')')
 4 SYSTEMPATH\Database\BaseBuilder.php(2345): CodeIgniter\Database\BaseConnection->query('INSERT INTO `settings` (`suhu_min`, `suhu_max`, `kelembaban_min`, `kelembaban_max`, `created_at`, `updated_at`) VALUES (:suhu_min:, :suhu_max:, :kelembaban_min:, :kelembaban_max:, :created_at:, :updated_at:)', [...], false)
 5 SYSTEMPATH\Model.php(356): CodeIgniter\Database\BaseBuilder->insert()
 6 SYSTEMPATH\BaseModel.php(898): CodeIgniter\Model->doInsert([...])
 7 SYSTEMPATH\Model.php(665): CodeIgniter\BaseModel->insert([...], true)
 8 APPPATH\Controllers\Admin\Notification.php(39): CodeIgniter\Model->insert([...])
 9 SYSTEMPATH\CodeIgniter.php(951): App\Controllers\Admin\Notification->updateSettings()
10 SYSTEMPATH\CodeIgniter.php(497): CodeIgniter\CodeIgniter->runController(Object(App\Controllers\Admin\Notification))
11 SYSTEMPATH\CodeIgniter.php(340): CodeIgniter\CodeIgniter->handleRequest(null, Object(Config\Cache), false)
12 SYSTEMPATH\Boot.php(417): CodeIgniter\CodeIgniter->run()
13 SYSTEMPATH\Boot.php(68): CodeIgniter\Boot::runCodeIgniter(Object(CodeIgniter\CodeIgniter))
14 FCPATH\index.php(59): CodeIgniter\Boot::bootWeb(Object(Config\Paths))
15 SYSTEMPATH\rewrite.php(44): require_once('C:\\Users\\YOGA 6\\Downloads\\PRAKTIKUM MOBILE\\Praktikum DHT 11\\ci4-app\\public\\index.php')
CRITICAL - 2026-06-18 23:47:47 --> CodeIgniter\Database\Exceptions\DatabaseException: Unknown column 'suhu_min' in 'field list'
[Method: POST, Route: api/admin/settings]
in SYSTEMPATH\Database\BaseConnection.php on line 724.
 1 SYSTEMPATH\Database\BaseBuilder.php(2345): CodeIgniter\Database\BaseConnection->query('INSERT INTO `settings` (`suhu_min`, `suhu_max`, `kelembaban_min`, `kelembaban_max`, `created_at`, `updated_at`) VALUES (:suhu_min:, :suhu_max:, :kelembaban_min:, :kelembaban_max:, :created_at:, :updated_at:)', [...], false)
 2 SYSTEMPATH\Model.php(356): CodeIgniter\Database\BaseBuilder->insert()
 3 SYSTEMPATH\BaseModel.php(898): CodeIgniter\Model->doInsert([...])
 4 SYSTEMPATH\Model.php(665): CodeIgniter\BaseModel->insert([...], true)
 5 APPPATH\Controllers\Admin\Notification.php(39): CodeIgniter\Model->insert([...])
 6 SYSTEMPATH\CodeIgniter.php(951): App\Controllers\Admin\Notification->updateSettings()
 7 SYSTEMPATH\CodeIgniter.php(497): CodeIgniter\CodeIgniter->runController(Object(App\Controllers\Admin\Notification))
 8 SYSTEMPATH\CodeIgniter.php(340): CodeIgniter\CodeIgniter->handleRequest(null, Object(Config\Cache), false)
 9 SYSTEMPATH\Boot.php(417): CodeIgniter\CodeIgniter->run()
10 SYSTEMPATH\Boot.php(68): CodeIgniter\Boot::runCodeIgniter(Object(CodeIgniter\CodeIgniter))
11 FCPATH\index.php(59): CodeIgniter\Boot::bootWeb(Object(Config\Paths))
12 SYSTEMPATH\rewrite.php(44): require_once('C:\\Users\\YOGA 6\\Downloads\\PRAKTIKUM MOBILE\\Praktikum DHT 11\\ci4-app\\public\\index.php')
CRITICAL - 2026-06-18 23:47:47 --> [Caused by] CodeIgniter\Database\Exceptions\DatabaseException: Unknown column 'suhu_min' in 'field list'
in SYSTEMPATH\Database\MySQLi\Connection.php on line 310.
 1 SYSTEMPATH\Database\BaseConnection.php(769): CodeIgniter\Database\MySQLi\Connection->execute('INSERT INTO `settings` (`suhu_min`, `suhu_max`, `kelembaban_min`, `kelembaban_max`, `created_at`, `updated_at`) VALUES (\'25.00\', \'30.00\', \'60.00\', \'64.00\', \'2026-06-18 23:47:47\', \'2026-06-18 23:47:47\')')
 2 SYSTEMPATH\Database\BaseConnection.php(686): CodeIgniter\Database\BaseConnection->simpleQuery('INSERT INTO `settings` (`suhu_min`, `suhu_max`, `kelembaban_min`, `kelembaban_max`, `created_at`, `updated_at`) VALUES (\'25.00\', \'30.00\', \'60.00\', \'64.00\', \'2026-06-18 23:47:47\', \'2026-06-18 23:47:47\')')
 3 SYSTEMPATH\Database\BaseBuilder.php(2345): CodeIgniter\Database\BaseConnection->query('INSERT INTO `settings` (`suhu_min`, `suhu_max`, `kelembaban_min`, `kelembaban_max`, `created_at`, `updated_at`) VALUES (:suhu_min:, :suhu_max:, :kelembaban_min:, :kelembaban_max:, :created_at:, :updated_at:)', [...], false)
 4 SYSTEMPATH\Model.php(356): CodeIgniter\Database\BaseBuilder->insert()
 5 SYSTEMPATH\BaseModel.php(898): CodeIgniter\Model->doInsert([...])
 6 SYSTEMPATH\Model.php(665): CodeIgniter\BaseModel->insert([...], true)
 7 APPPATH\Controllers\Admin\Notification.php(39): CodeIgniter\Model->insert([...])
 8 SYSTEMPATH\CodeIgniter.php(951): App\Controllers\Admin\Notification->updateSettings()
 9 SYSTEMPATH\CodeIgniter.php(497): CodeIgniter\CodeIgniter->runController(Object(App\Controllers\Admin\Notification))
10 SYSTEMPATH\CodeIgniter.php(340): CodeIgniter\CodeIgniter->handleRequest(null, Object(Config\Cache), false)
11 SYSTEMPATH\Boot.php(417): CodeIgniter\CodeIgniter->run()
12 SYSTEMPATH\Boot.php(68): CodeIgniter\Boot::runCodeIgniter(Object(CodeIgniter\CodeIgniter))
13 FCPATH\index.php(59): CodeIgniter\Boot::bootWeb(Object(Config\Paths))
14 SYSTEMPATH\rewrite.php(44): require_once('C:\\Users\\YOGA 6\\Downloads\\PRAKTIKUM MOBILE\\Praktikum DHT 11\\ci4-app\\public\\index.php')
CRITICAL - 2026-06-18 23:47:47 --> [Caused by] mysqli_sql_exception: Unknown column 'suhu_min' in 'field list'
in SYSTEMPATH\Database\MySQLi\Connection.php on line 300.
 1 SYSTEMPATH\Database\MySQLi\Connection.php(300): mysqli->query('INSERT INTO `settings` (`suhu_min`, `suhu_max`, `kelembaban_min`, `kelembaban_max`, `created_at`, `updated_at`) VALUES (\'25.00\', \'30.00\', \'60.00\', \'64.00\', \'2026-06-18 23:47:47\', \'2026-06-18 23:47:47\')', 0)
 2 SYSTEMPATH\Database\BaseConnection.php(769): CodeIgniter\Database\MySQLi\Connection->execute('INSERT INTO `settings` (`suhu_min`, `suhu_max`, `kelembaban_min`, `kelembaban_max`, `created_at`, `updated_at`) VALUES (\'25.00\', \'30.00\', \'60.00\', \'64.00\', \'2026-06-18 23:47:47\', \'2026-06-18 23:47:47\')')
 3 SYSTEMPATH\Database\BaseConnection.php(686): CodeIgniter\Database\BaseConnection->simpleQuery('INSERT INTO `settings` (`suhu_min`, `suhu_max`, `kelembaban_min`, `kelembaban_max`, `created_at`, `updated_at`) VALUES (\'25.00\', \'30.00\', \'60.00\', \'64.00\', \'2026-06-18 23:47:47\', \'2026-06-18 23:47:47\')')
 4 SYSTEMPATH\Database\BaseBuilder.php(2345): CodeIgniter\Database\BaseConnection->query('INSERT INTO `settings` (`suhu_min`, `suhu_max`, `kelembaban_min`, `kelembaban_max`, `created_at`, `updated_at`) VALUES (:suhu_min:, :suhu_max:, :kelembaban_min:, :kelembaban_max:, :created_at:, :updated_at:)', [...], false)
 5 SYSTEMPATH\Model.php(356): CodeIgniter\Database\BaseBuilder->insert()
 6 SYSTEMPATH\BaseModel.php(898): CodeIgniter\Model->doInsert([...])
 7 SYSTEMPATH\Model.php(665): CodeIgniter\BaseModel->insert([...], true)
 8 APPPATH\Controllers\Admin\Notification.php(39): CodeIgniter\Model->insert([...])
 9 SYSTEMPATH\CodeIgniter.php(951): App\Controllers\Admin\Notification->updateSettings()
10 SYSTEMPATH\CodeIgniter.php(497): CodeIgniter\CodeIgniter->runController(Object(App\Controllers\Admin\Notification))
11 SYSTEMPATH\CodeIgniter.php(340): CodeIgniter\CodeIgniter->handleRequest(null, Object(Config\Cache), false)
12 SYSTEMPATH\Boot.php(417): CodeIgniter\CodeIgniter->run()
13 SYSTEMPATH\Boot.php(68): CodeIgniter\Boot::runCodeIgniter(Object(CodeIgniter\CodeIgniter))
14 FCPATH\index.php(59): CodeIgniter\Boot::bootWeb(Object(Config\Paths))
15 SYSTEMPATH\rewrite.php(44): require_once('C:\\Users\\YOGA 6\\Downloads\\PRAKTIKUM MOBILE\\Praktikum DHT 11\\ci4-app\\public\\index.php')
DEBUG - 2026-06-18 23:47:48 --> Session: Class initialized using 'CodeIgniter\Session\Handlers\FileHandler' driver.
ERROR - 2026-06-18 23:47:48 --> Unknown column 'suhu_min' in 'field list'
in SYSTEMPATH\Database\MySQLi\Connection.php on line 300.
 1 SYSTEMPATH\Database\MySQLi\Connection.php(300): mysqli->query('INSERT INTO `settings` (`suhu_min`, `suhu_max`, `kelembaban_min`, `kelembaban_max`, `created_at`, `updated_at`) VALUES (\'25.00\', \'30.00\', \'60.00\', \'64.00\', \'2026-06-18 23:47:48\', \'2026-06-18 23:47:48\')', 0)
 2 SYSTEMPATH\Database\BaseConnection.php(769): CodeIgniter\Database\MySQLi\Connection->execute('INSERT INTO `settings` (`suhu_min`, `suhu_max`, `kelembaban_min`, `kelembaban_max`, `created_at`, `updated_at`) VALUES (\'25.00\', \'30.00\', \'60.00\', \'64.00\', \'2026-06-18 23:47:48\', \'2026-06-18 23:47:48\')')
 3 SYSTEMPATH\Database\BaseConnection.php(686): CodeIgniter\Database\BaseConnection->simpleQuery('INSERT INTO `settings` (`suhu_min`, `suhu_max`, `kelembaban_min`, `kelembaban_max`, `created_at`, `updated_at`) VALUES (\'25.00\', \'30.00\', \'60.00\', \'64.00\', \'2026-06-18 23:47:48\', \'2026-06-18 23:47:48\')')
 4 SYSTEMPATH\Database\BaseBuilder.php(2345): CodeIgniter\Database\BaseConnection->query('INSERT INTO `settings` (`suhu_min`, `suhu_max`, `kelembaban_min`, `kelembaban_max`, `created_at`, `updated_at`) VALUES (:suhu_min:, :suhu_max:, :kelembaban_min:, :kelembaban_max:, :created_at:, :updated_at:)', [...], false)
 5 SYSTEMPATH\Model.php(356): CodeIgniter\Database\BaseBuilder->insert()
 6 SYSTEMPATH\BaseModel.php(898): CodeIgniter\Model->doInsert([...])
 7 SYSTEMPATH\Model.php(665): CodeIgniter\BaseModel->insert([...], true)
 8 APPPATH\Controllers\Admin\Notification.php(39): CodeIgniter\Model->insert([...])
 9 SYSTEMPATH\CodeIgniter.php(951): App\Controllers\Admin\Notification->updateSettings()
10 SYSTEMPATH\CodeIgniter.php(497): CodeIgniter\CodeIgniter->runController(Object(App\Controllers\Admin\Notification))
11 SYSTEMPATH\CodeIgniter.php(340): CodeIgniter\CodeIgniter->handleRequest(null, Object(Config\Cache), false)
12 SYSTEMPATH\Boot.php(417): CodeIgniter\CodeIgniter->run()
13 SYSTEMPATH\Boot.php(68): CodeIgniter\Boot::runCodeIgniter(Object(CodeIgniter\CodeIgniter))
14 FCPATH\index.php(59): CodeIgniter\Boot::bootWeb(Object(Config\Paths))
15 SYSTEMPATH\rewrite.php(44): require_once('C:\\Users\\YOGA 6\\Downloads\\PRAKTIKUM MOBILE\\Praktikum DHT 11\\ci4-app\\public\\index.php')
CRITICAL - 2026-06-18 23:47:48 --> CodeIgniter\Database\Exceptions\DatabaseException: Unknown column 'suhu_min' in 'field list'
[Method: POST, Route: api/admin/settings]
in SYSTEMPATH\Database\BaseConnection.php on line 724.
 1 SYSTEMPATH\Database\BaseBuilder.php(2345): CodeIgniter\Database\BaseConnection->query('INSERT INTO `settings` (`suhu_min`, `suhu_max`, `kelembaban_min`, `kelembaban_max`, `created_at`, `updated_at`) VALUES (:suhu_min:, :suhu_max:, :kelembaban_min:, :kelembaban_max:, :created_at:, :updated_at:)', [...], false)
 2 SYSTEMPATH\Model.php(356): CodeIgniter\Database\BaseBuilder->insert()
 3 SYSTEMPATH\BaseModel.php(898): CodeIgniter\Model->doInsert([...])
 4 SYSTEMPATH\Model.php(665): CodeIgniter\BaseModel->insert([...], true)
 5 APPPATH\Controllers\Admin\Notification.php(39): CodeIgniter\Model->insert([...])
 6 SYSTEMPATH\CodeIgniter.php(951): App\Controllers\Admin\Notification->updateSettings()
 7 SYSTEMPATH\CodeIgniter.php(497): CodeIgniter\CodeIgniter->runController(Object(App\Controllers\Admin\Notification))
 8 SYSTEMPATH\CodeIgniter.php(340): CodeIgniter\CodeIgniter->handleRequest(null, Object(Config\Cache), false)
 9 SYSTEMPATH\Boot.php(417): CodeIgniter\CodeIgniter->run()
10 SYSTEMPATH\Boot.php(68): CodeIgniter\Boot::runCodeIgniter(Object(CodeIgniter\CodeIgniter))
11 FCPATH\index.php(59): CodeIgniter\Boot::bootWeb(Object(Config\Paths))
12 SYSTEMPATH\rewrite.php(44): require_once('C:\\Users\\YOGA 6\\Downloads\\PRAKTIKUM MOBILE\\Praktikum DHT 11\\ci4-app\\public\\index.php')
CRITICAL - 2026-06-18 23:47:48 --> [Caused by] CodeIgniter\Database\Exceptions\DatabaseException: Unknown column 'suhu_min' in 'field list'
in SYSTEMPATH\Database\MySQLi\Connection.php on line 310.
 1 SYSTEMPATH\Database\BaseConnection.php(769): CodeIgniter\Database\MySQLi\Connection->execute('INSERT INTO `settings` (`suhu_min`, `suhu_max`, `kelembaban_min`, `kelembaban_max`, `created_at`, `updated_at`) VALUES (\'25.00\', \'30.00\', \'60.00\', \'64.00\', \'2026-06-18 23:47:48\', \'2026-06-18 23:47:48\')')
 2 SYSTEMPATH\Database\BaseConnection.php(686): CodeIgniter\Database\BaseConnection->simpleQuery('INSERT INTO `settings` (`suhu_min`, `suhu_max`, `kelembaban_min`, `kelembaban_max`, `created_at`, `updated_at`) VALUES (\'25.00\', \'30.00\', \'60.00\', \'64.00\', \'2026-06-18 23:47:48\', \'2026-06-18 23:47:48\')')
 3 SYSTEMPATH\Database\BaseBuilder.php(2345): CodeIgniter\Database\BaseConnection->query('INSERT INTO `settings` (`suhu_min`, `suhu_max`, `kelembaban_min`, `kelembaban_max`, `created_at`, `updated_at`) VALUES (:suhu_min:, :suhu_max:, :kelembaban_min:, :kelembaban_max:, :created_at:, :updated_at:)', [...], false)
 4 SYSTEMPATH\Model.php(356): CodeIgniter\Database\BaseBuilder->insert()
 5 SYSTEMPATH\BaseModel.php(898): CodeIgniter\Model->doInsert([...])
 6 SYSTEMPATH\Model.php(665): CodeIgniter\BaseModel->insert([...], true)
 7 APPPATH\Controllers\Admin\Notification.php(39): CodeIgniter\Model->insert([...])
 8 SYSTEMPATH\CodeIgniter.php(951): App\Controllers\Admin\Notification->updateSettings()
 9 SYSTEMPATH\CodeIgniter.php(497): CodeIgniter\CodeIgniter->runController(Object(App\Controllers\Admin\Notification))
10 SYSTEMPATH\CodeIgniter.php(340): CodeIgniter\CodeIgniter->handleRequest(null, Object(Config\Cache), false)
11 SYSTEMPATH\Boot.php(417): CodeIgniter\CodeIgniter->run()
12 SYSTEMPATH\Boot.php(68): CodeIgniter\Boot::runCodeIgniter(Object(CodeIgniter\CodeIgniter))
13 FCPATH\index.php(59): CodeIgniter\Boot::bootWeb(Object(Config\Paths))
14 SYSTEMPATH\rewrite.php(44): require_once('C:\\Users\\YOGA 6\\Downloads\\PRAKTIKUM MOBILE\\Praktikum DHT 11\\ci4-app\\public\\index.php')
CRITICAL - 2026-06-18 23:47:48 --> [Caused by] mysqli_sql_exception: Unknown column 'suhu_min' in 'field list'
in SYSTEMPATH\Database\MySQLi\Connection.php on line 300.
 1 SYSTEMPATH\Database\MySQLi\Connection.php(300): mysqli->query('INSERT INTO `settings` (`suhu_min`, `suhu_max`, `kelembaban_min`, `kelembaban_max`, `created_at`, `updated_at`) VALUES (\'25.00\', \'30.00\', \'60.00\', \'64.00\', \'2026-06-18 23:47:48\', \'2026-06-18 23:47:48\')', 0)
 2 SYSTEMPATH\Database\BaseConnection.php(769): CodeIgniter\Database\MySQLi\Connection->execute('INSERT INTO `settings` (`suhu_min`, `suhu_max`, `kelembaban_min`, `kelembaban_max`, `created_at`, `updated_at`) VALUES (\'25.00\', \'30.00\', \'60.00\', \'64.00\', \'2026-06-18 23:47:48\', \'2026-06-18 23:47:48\')')
 3 SYSTEMPATH\Database\BaseConnection.php(686): CodeIgniter\Database\BaseConnection->simpleQuery('INSERT INTO `settings` (`suhu_min`, `suhu_max`, `kelembaban_min`, `kelembaban_max`, `created_at`, `updated_at`) VALUES (\'25.00\', \'30.00\', \'60.00\', \'64.00\', \'2026-06-18 23:47:48\', \'2026-06-18 23:47:48\')')
 4 SYSTEMPATH\Database\BaseBuilder.php(2345): CodeIgniter\Database\BaseConnection->query('INSERT INTO `settings` (`suhu_min`, `suhu_max`, `kelembaban_min`, `kelembaban_max`, `created_at`, `updated_at`) VALUES (:suhu_min:, :suhu_max:, :kelembaban_min:, :kelembaban_max:, :created_at:, :updated_at:)', [...], false)
 5 SYSTEMPATH\Model.php(356): CodeIgniter\Database\BaseBuilder->insert()
 6 SYSTEMPATH\BaseModel.php(898): CodeIgniter\Model->doInsert([...])
 7 SYSTEMPATH\Model.php(665): CodeIgniter\BaseModel->insert([...], true)
 8 APPPATH\Controllers\Admin\Notification.php(39): CodeIgniter\Model->insert([...])
 9 SYSTEMPATH\CodeIgniter.php(951): App\Controllers\Admin\Notification->updateSettings()
10 SYSTEMPATH\CodeIgniter.php(497): CodeIgniter\CodeIgniter->runController(Object(App\Controllers\Admin\Notification))
11 SYSTEMPATH\CodeIgniter.php(340): CodeIgniter\CodeIgniter->handleRequest(null, Object(Config\Cache), false)
12 SYSTEMPATH\Boot.php(417): CodeIgniter\CodeIgniter->run()
13 SYSTEMPATH\Boot.php(68): CodeIgniter\Boot::runCodeIgniter(Object(CodeIgniter\CodeIgniter))
14 FCPATH\index.php(59): CodeIgniter\Boot::bootWeb(Object(Config\Paths))
15 SYSTEMPATH\rewrite.php(44): require_once('C:\\Users\\YOGA 6\\Downloads\\PRAKTIKUM MOBILE\\Praktikum DHT 11\\ci4-app\\public\\index.php')
DEBUG - 2026-06-18 23:47:50 --> Session: Class initialized using 'CodeIgniter\Session\Handlers\FileHandler' driver.
DEBUG - 2026-06-18 23:47:51 --> Session: Class initialized using 'CodeIgniter\Session\Handlers\FileHandler' driver.
DEBUG - 2026-06-18 23:47:55 --> Session: Class initialized using 'CodeIgniter\Session\Handlers\FileHandler' driver.
DEBUG - 2026-06-18 23:47:56 --> Session: Class initialized using 'CodeIgniter\Session\Handlers\FileHandler' driver.
DEBUG - 2026-06-18 23:47:56 --> Session: Class initialized using 'CodeIgniter\Session\Handlers\FileHandler' driver.
DEBUG - 2026-06-18 23:47:59 --> Session: Class initialized using 'CodeIgniter\Session\Handlers\FileHandler' driver.
DEBUG - 2026-06-18 23:48:00 --> Session: Class initialized using 'CodeIgniter\Session\Handlers\FileHandler' driver.
DEBUG - 2026-06-18 23:48:00 --> Session: Class initialized using 'CodeIgniter\Session\Handlers\FileHandler' driver.
DEBUG - 2026-06-18 23:48:00 --> Session: Class initialized using 'CodeIgniter\Session\Handlers\FileHandler' driver.
DEBUG - 2026-06-18 23:48:09 --> Session: Class initialized using 'CodeIgniter\Session\Handlers\FileHandler' driver.
DEBUG - 2026-06-18 23:48:11 --> Session: Class initialized using 'CodeIgniter\Session\Handlers\FileHandler' driver.
DEBUG - 2026-06-18 23:48:11 --> Session: Class initialized using 'CodeIgniter\Session\Handlers\FileHandler' driver.
DEBUG - 2026-06-18 23:48:15 --> Session: Class initialized using 'CodeIgniter\Session\Handlers\FileHandler' driver.
DEBUG - 2026-06-18 23:48:16 --> Session: Class initialized using 'CodeIgniter\Session\Handlers\FileHandler' driver.
DEBUG - 2026-06-18 23:48:18 --> Session: Class initialized using 'CodeIgniter\Session\Handlers\FileHandler' driver.
DEBUG - 2026-06-18 23:48:18 --> Session: Class initialized using 'CodeIgniter\Session\Handlers\FileHandler' driver.
DEBUG - 2026-06-18 23:48:20 --> Session: Class initialized using 'CodeIgniter\Session\Handlers\FileHandler' driver.
DEBUG - 2026-06-18 23:48:20 --> Session: Class initialized using 'CodeIgniter\Session\Handlers\FileHandler' driver.
DEBUG - 2026-06-18 23:48:21 --> Session: Class initialized using 'CodeIgniter\Session\Handlers\FileHandler' driver.
DEBUG - 2026-06-18 23:48:22 --> Session: Class initialized using 'CodeIgniter\Session\Handlers\FileHandler' driver.
DEBUG - 2026-06-18 23:48:22 --> Session: Class initialized using 'CodeIgniter\Session\Handlers\FileHandler' driver.
DEBUG - 2026-06-18 23:48:23 --> Session: Class initialized using 'CodeIgniter\Session\Handlers\FileHandler' driver.
DEBUG - 2026-06-18 23:48:23 --> Session: Class initialized using 'CodeIgniter\Session\Handlers\FileHandler' driver.
DEBUG - 2026-06-18 23:48:24 --> Session: Class initialized using 'CodeIgniter\Session\Handlers\FileHandler' driver.
DEBUG - 2026-06-18 23:48:27 --> Session: Class initialized using 'CodeIgniter\Session\Handlers\FileHandler' driver.
DEBUG - 2026-06-18 23:48:27 --> Session: Class initialized using 'CodeIgniter\Session\Handlers\FileHandler' driver.
DEBUG - 2026-06-18 23:48:28 --> Session: Class initialized using 'CodeIgniter\Session\Handlers\FileHandler' driver.
DEBUG - 2026-06-18 23:48:28 --> Session: Class initialized using 'CodeIgniter\Session\Handlers\FileHandler' driver.
DEBUG - 2026-06-18 23:48:39 --> Session: Class initialized using 'CodeIgniter\Session\Handlers\FileHandler' driver.
DEBUG - 2026-06-18 23:48:40 --> Session: Class initialized using 'CodeIgniter\Session\Handlers\FileHandler' driver.
DEBUG - 2026-06-18 23:48:41 --> Session: Class initialized using 'CodeIgniter\Session\Handlers\FileHandler' driver.
DEBUG - 2026-06-18 23:49:38 --> Session: Class initialized using 'CodeIgniter\Session\Handlers\FileHandler' driver.
DEBUG - 2026-06-18 23:49:39 --> Session: Class initialized using 'CodeIgniter\Session\Handlers\FileHandler' driver.
DEBUG - 2026-06-18 23:49:39 --> Session: Class initialized using 'CodeIgniter\Session\Handlers\FileHandler' driver.
DEBUG - 2026-06-18 23:50:08 --> Session: Class initialized using 'CodeIgniter\Session\Handlers\FileHandler' driver.
ERROR - 2026-06-18 23:50:08 --> Unknown column 'suhu_min' in 'field list'
in SYSTEMPATH\Database\MySQLi\Connection.php on line 300.
 1 SYSTEMPATH\Database\MySQLi\Connection.php(300): mysqli->query('INSERT INTO `settings` (`suhu_min`, `suhu_max`, `kelembaban_min`, `kelembaban_max`, `created_at`, `updated_at`) VALUES (\'25.00\', \'30.00\', \'60.00\', \'64.00\', \'2026-06-18 23:50:08\', \'2026-06-18 23:50:08\')', 0)
 2 SYSTEMPATH\Database\BaseConnection.php(769): CodeIgniter\Database\MySQLi\Connection->execute('INSERT INTO `settings` (`suhu_min`, `suhu_max`, `kelembaban_min`, `kelembaban_max`, `created_at`, `updated_at`) VALUES (\'25.00\', \'30.00\', \'60.00\', \'64.00\', \'2026-06-18 23:50:08\', \'2026-06-18 23:50:08\')')
 3 SYSTEMPATH\Database\BaseConnection.php(686): CodeIgniter\Database\BaseConnection->simpleQuery('INSERT INTO `settings` (`suhu_min`, `suhu_max`, `kelembaban_min`, `kelembaban_max`, `created_at`, `updated_at`) VALUES (\'25.00\', \'30.00\', \'60.00\', \'64.00\', \'2026-06-18 23:50:08\', \'2026-06-18 23:50:08\')')
 4 SYSTEMPATH\Database\BaseBuilder.php(2345): CodeIgniter\Database\BaseConnection->query('INSERT INTO `settings` (`suhu_min`, `suhu_max`, `kelembaban_min`, `kelembaban_max`, `created_at`, `updated_at`) VALUES (:suhu_min:, :suhu_max:, :kelembaban_min:, :kelembaban_max:, :created_at:, :updated_at:)', [...], false)
 5 SYSTEMPATH\Model.php(356): CodeIgniter\Database\BaseBuilder->insert()
 6 SYSTEMPATH\BaseModel.php(898): CodeIgniter\Model->doInsert([...])
 7 SYSTEMPATH\Model.php(665): CodeIgniter\BaseModel->insert([...], true)
 8 APPPATH\Controllers\Admin\Notification.php(39): CodeIgniter\Model->insert([...])
 9 SYSTEMPATH\CodeIgniter.php(951): App\Controllers\Admin\Notification->updateSettings()
10 SYSTEMPATH\CodeIgniter.php(497): CodeIgniter\CodeIgniter->runController(Object(App\Controllers\Admin\Notification))
11 SYSTEMPATH\CodeIgniter.php(340): CodeIgniter\CodeIgniter->handleRequest(null, Object(Config\Cache), false)
12 SYSTEMPATH\Boot.php(417): CodeIgniter\CodeIgniter->run()
13 SYSTEMPATH\Boot.php(68): CodeIgniter\Boot::runCodeIgniter(Object(CodeIgniter\CodeIgniter))
14 FCPATH\index.php(59): CodeIgniter\Boot::bootWeb(Object(Config\Paths))
15 SYSTEMPATH\rewrite.php(44): require_once('C:\\Users\\YOGA 6\\Downloads\\PRAKTIKUM MOBILE\\Praktikum DHT 11\\ci4-app\\public\\index.php')
CRITICAL - 2026-06-18 23:50:08 --> CodeIgniter\Database\Exceptions\DatabaseException: Unknown column 'suhu_min' in 'field list'
[Method: POST, Route: api/admin/settings]
in SYSTEMPATH\Database\BaseConnection.php on line 724.
 1 SYSTEMPATH\Database\BaseBuilder.php(2345): CodeIgniter\Database\BaseConnection->query('INSERT INTO `settings` (`suhu_min`, `suhu_max`, `kelembaban_min`, `kelembaban_max`, `created_at`, `updated_at`) VALUES (:suhu_min:, :suhu_max:, :kelembaban_min:, :kelembaban_max:, :created_at:, :updated_at:)', [...], false)
 2 SYSTEMPATH\Model.php(356): CodeIgniter\Database\BaseBuilder->insert()
 3 SYSTEMPATH\BaseModel.php(898): CodeIgniter\Model->doInsert([...])
 4 SYSTEMPATH\Model.php(665): CodeIgniter\BaseModel->insert([...], true)
 5 APPPATH\Controllers\Admin\Notification.php(39): CodeIgniter\Model->insert([...])
 6 SYSTEMPATH\CodeIgniter.php(951): App\Controllers\Admin\Notification->updateSettings()
 7 SYSTEMPATH\CodeIgniter.php(497): CodeIgniter\CodeIgniter->runController(Object(App\Controllers\Admin\Notification))
 8 SYSTEMPATH\CodeIgniter.php(340): CodeIgniter\CodeIgniter->handleRequest(null, Object(Config\Cache), false)
 9 SYSTEMPATH\Boot.php(417): CodeIgniter\CodeIgniter->run()
10 SYSTEMPATH\Boot.php(68): CodeIgniter\Boot::runCodeIgniter(Object(CodeIgniter\CodeIgniter))
11 FCPATH\index.php(59): CodeIgniter\Boot::bootWeb(Object(Config\Paths))
12 SYSTEMPATH\rewrite.php(44): require_once('C:\\Users\\YOGA 6\\Downloads\\PRAKTIKUM MOBILE\\Praktikum DHT 11\\ci4-app\\public\\index.php')
CRITICAL - 2026-06-18 23:50:08 --> [Caused by] CodeIgniter\Database\Exceptions\DatabaseException: Unknown column 'suhu_min' in 'field list'
in SYSTEMPATH\Database\MySQLi\Connection.php on line 310.
 1 SYSTEMPATH\Database\BaseConnection.php(769): CodeIgniter\Database\MySQLi\Connection->execute('INSERT INTO `settings` (`suhu_min`, `suhu_max`, `kelembaban_min`, `kelembaban_max`, `created_at`, `updated_at`) VALUES (\'25.00\', \'30.00\', \'60.00\', \'64.00\', \'2026-06-18 23:50:08\', \'2026-06-18 23:50:08\')')
 2 SYSTEMPATH\Database\BaseConnection.php(686): CodeIgniter\Database\BaseConnection->simpleQuery('INSERT INTO `settings` (`suhu_min`, `suhu_max`, `kelembaban_min`, `kelembaban_max`, `created_at`, `updated_at`) VALUES (\'25.00\', \'30.00\', \'60.00\', \'64.00\', \'2026-06-18 23:50:08\', \'2026-06-18 23:50:08\')')
 3 SYSTEMPATH\Database\BaseBuilder.php(2345): CodeIgniter\Database\BaseConnection->query('INSERT INTO `settings` (`suhu_min`, `suhu_max`, `kelembaban_min`, `kelembaban_max`, `created_at`, `updated_at`) VALUES (:suhu_min:, :suhu_max:, :kelembaban_min:, :kelembaban_max:, :created_at:, :updated_at:)', [...], false)
 4 SYSTEMPATH\Model.php(356): CodeIgniter\Database\BaseBuilder->insert()
 5 SYSTEMPATH\BaseModel.php(898): CodeIgniter\Model->doInsert([...])
 6 SYSTEMPATH\Model.php(665): CodeIgniter\BaseModel->insert([...], true)
 7 APPPATH\Controllers\Admin\Notification.php(39): CodeIgniter\Model->insert([...])
 8 SYSTEMPATH\CodeIgniter.php(951): App\Controllers\Admin\Notification->updateSettings()
 9 SYSTEMPATH\CodeIgniter.php(497): CodeIgniter\CodeIgniter->runController(Object(App\Controllers\Admin\Notification))
10 SYSTEMPATH\CodeIgniter.php(340): CodeIgniter\CodeIgniter->handleRequest(null, Object(Config\Cache), false)
11 SYSTEMPATH\Boot.php(417): CodeIgniter\CodeIgniter->run()
12 SYSTEMPATH\Boot.php(68): CodeIgniter\Boot::runCodeIgniter(Object(CodeIgniter\CodeIgniter))
13 FCPATH\index.php(59): CodeIgniter\Boot::bootWeb(Object(Config\Paths))
14 SYSTEMPATH\rewrite.php(44): require_once('C:\\Users\\YOGA 6\\Downloads\\PRAKTIKUM MOBILE\\Praktikum DHT 11\\ci4-app\\public\\index.php')
CRITICAL - 2026-06-18 23:50:08 --> [Caused by] mysqli_sql_exception: Unknown column 'suhu_min' in 'field list'
in SYSTEMPATH\Database\MySQLi\Connection.php on line 300.
 1 SYSTEMPATH\Database\MySQLi\Connection.php(300): mysqli->query('INSERT INTO `settings` (`suhu_min`, `suhu_max`, `kelembaban_min`, `kelembaban_max`, `created_at`, `updated_at`) VALUES (\'25.00\', \'30.00\', \'60.00\', \'64.00\', \'2026-06-18 23:50:08\', \'2026-06-18 23:50:08\')', 0)
 2 SYSTEMPATH\Database\BaseConnection.php(769): CodeIgniter\Database\MySQLi\Connection->execute('INSERT INTO `settings` (`suhu_min`, `suhu_max`, `kelembaban_min`, `kelembaban_max`, `created_at`, `updated_at`) VALUES (\'25.00\', \'30.00\', \'60.00\', \'64.00\', \'2026-06-18 23:50:08\', \'2026-06-18 23:50:08\')')
 3 SYSTEMPATH\Database\BaseConnection.php(686): CodeIgniter\Database\BaseConnection->simpleQuery('INSERT INTO `settings` (`suhu_min`, `suhu_max`, `kelembaban_min`, `kelembaban_max`, `created_at`, `updated_at`) VALUES (\'25.00\', \'30.00\', \'60.00\', \'64.00\', \'2026-06-18 23:50:08\', \'2026-06-18 23:50:08\')')
 4 SYSTEMPATH\Database\BaseBuilder.php(2345): CodeIgniter\Database\BaseConnection->query('INSERT INTO `settings` (`suhu_min`, `suhu_max`, `kelembaban_min`, `kelembaban_max`, `created_at`, `updated_at`) VALUES (:suhu_min:, :suhu_max:, :kelembaban_min:, :kelembaban_max:, :created_at:, :updated_at:)', [...], false)
 5 SYSTEMPATH\Model.php(356): CodeIgniter\Database\BaseBuilder->insert()
 6 SYSTEMPATH\BaseModel.php(898): CodeIgniter\Model->doInsert([...])
 7 SYSTEMPATH\Model.php(665): CodeIgniter\BaseModel->insert([...], true)
 8 APPPATH\Controllers\Admin\Notification.php(39): CodeIgniter\Model->insert([...])
 9 SYSTEMPATH\CodeIgniter.php(951): App\Controllers\Admin\Notification->updateSettings()
10 SYSTEMPATH\CodeIgniter.php(497): CodeIgniter\CodeIgniter->runController(Object(App\Controllers\Admin\Notification))
11 SYSTEMPATH\CodeIgniter.php(340): CodeIgniter\CodeIgniter->handleRequest(null, Object(Config\Cache), false)
12 SYSTEMPATH\Boot.php(417): CodeIgniter\CodeIgniter->run()
13 SYSTEMPATH\Boot.php(68): CodeIgniter\Boot::runCodeIgniter(Object(CodeIgniter\CodeIgniter))
14 FCPATH\index.php(59): CodeIgniter\Boot::bootWeb(Object(Config\Paths))
15 SYSTEMPATH\rewrite.php(44): require_once('C:\\Users\\YOGA 6\\Downloads\\PRAKTIKUM MOBILE\\Praktikum DHT 11\\ci4-app\\public\\index.php')
DEBUG - 2026-06-18 23:50:11 --> Session: Class initialized using 'CodeIgniter\Session\Handlers\FileHandler' driver.
ERROR - 2026-06-18 23:50:11 --> Unknown column 'suhu_min' in 'field list'
in SYSTEMPATH\Database\MySQLi\Connection.php on line 300.
 1 SYSTEMPATH\Database\MySQLi\Connection.php(300): mysqli->query('INSERT INTO `settings` (`suhu_min`, `suhu_max`, `kelembaban_min`, `kelembaban_max`, `created_at`, `updated_at`) VALUES (\'25.00\', \'30.00\', \'60.00\', \'64.00\', \'2026-06-18 23:50:11\', \'2026-06-18 23:50:11\')', 0)
 2 SYSTEMPATH\Database\BaseConnection.php(769): CodeIgniter\Database\MySQLi\Connection->execute('INSERT INTO `settings` (`suhu_min`, `suhu_max`, `kelembaban_min`, `kelembaban_max`, `created_at`, `updated_at`) VALUES (\'25.00\', \'30.00\', \'60.00\', \'64.00\', \'2026-06-18 23:50:11\', \'2026-06-18 23:50:11\')')
 3 SYSTEMPATH\Database\BaseConnection.php(686): CodeIgniter\Database\BaseConnection->simpleQuery('INSERT INTO `settings` (`suhu_min`, `suhu_max`, `kelembaban_min`, `kelembaban_max`, `created_at`, `updated_at`) VALUES (\'25.00\', \'30.00\', \'60.00\', \'64.00\', \'2026-06-18 23:50:11\', \'2026-06-18 23:50:11\')')
 4 SYSTEMPATH\Database\BaseBuilder.php(2345): CodeIgniter\Database\BaseConnection->query('INSERT INTO `settings` (`suhu_min`, `suhu_max`, `kelembaban_min`, `kelembaban_max`, `created_at`, `updated_at`) VALUES (:suhu_min:, :suhu_max:, :kelembaban_min:, :kelembaban_max:, :created_at:, :updated_at:)', [...], false)
 5 SYSTEMPATH\Model.php(356): CodeIgniter\Database\BaseBuilder->insert()
 6 SYSTEMPATH\BaseModel.php(898): CodeIgniter\Model->doInsert([...])
 7 SYSTEMPATH\Model.php(665): CodeIgniter\BaseModel->insert([...], true)
 8 APPPATH\Controllers\Admin\Notification.php(39): CodeIgniter\Model->insert([...])
 9 SYSTEMPATH\CodeIgniter.php(951): App\Controllers\Admin\Notification->updateSettings()
10 SYSTEMPATH\CodeIgniter.php(497): CodeIgniter\CodeIgniter->runController(Object(App\Controllers\Admin\Notification))
11 SYSTEMPATH\CodeIgniter.php(340): CodeIgniter\CodeIgniter->handleRequest(null, Object(Config\Cache), false)
12 SYSTEMPATH\Boot.php(417): CodeIgniter\CodeIgniter->run()
13 SYSTEMPATH\Boot.php(68): CodeIgniter\Boot::runCodeIgniter(Object(CodeIgniter\CodeIgniter))
14 FCPATH\index.php(59): CodeIgniter\Boot::bootWeb(Object(Config\Paths))
15 SYSTEMPATH\rewrite.php(44): require_once('C:\\Users\\YOGA 6\\Downloads\\PRAKTIKUM MOBILE\\Praktikum DHT 11\\ci4-app\\public\\index.php')
CRITICAL - 2026-06-18 23:50:11 --> CodeIgniter\Database\Exceptions\DatabaseException: Unknown column 'suhu_min' in 'field list'
[Method: POST, Route: api/admin/settings]
in SYSTEMPATH\Database\BaseConnection.php on line 724.
 1 SYSTEMPATH\Database\BaseBuilder.php(2345): CodeIgniter\Database\BaseConnection->query('INSERT INTO `settings` (`suhu_min`, `suhu_max`, `kelembaban_min`, `kelembaban_max`, `created_at`, `updated_at`) VALUES (:suhu_min:, :suhu_max:, :kelembaban_min:, :kelembaban_max:, :created_at:, :updated_at:)', [...], false)
 2 SYSTEMPATH\Model.php(356): CodeIgniter\Database\BaseBuilder->insert()
 3 SYSTEMPATH\BaseModel.php(898): CodeIgniter\Model->doInsert([...])
 4 SYSTEMPATH\Model.php(665): CodeIgniter\BaseModel->insert([...], true)
 5 APPPATH\Controllers\Admin\Notification.php(39): CodeIgniter\Model->insert([...])
 6 SYSTEMPATH\CodeIgniter.php(951): App\Controllers\Admin\Notification->updateSettings()
 7 SYSTEMPATH\CodeIgniter.php(497): CodeIgniter\CodeIgniter->runController(Object(App\Controllers\Admin\Notification))
 8 SYSTEMPATH\CodeIgniter.php(340): CodeIgniter\CodeIgniter->handleRequest(null, Object(Config\Cache), false)
 9 SYSTEMPATH\Boot.php(417): CodeIgniter\CodeIgniter->run()
10 SYSTEMPATH\Boot.php(68): CodeIgniter\Boot::runCodeIgniter(Object(CodeIgniter\CodeIgniter))
11 FCPATH\index.php(59): CodeIgniter\Boot::bootWeb(Object(Config\Paths))
12 SYSTEMPATH\rewrite.php(44): require_once('C:\\Users\\YOGA 6\\Downloads\\PRAKTIKUM MOBILE\\Praktikum DHT 11\\ci4-app\\public\\index.php')
CRITICAL - 2026-06-18 23:50:11 --> [Caused by] CodeIgniter\Database\Exceptions\DatabaseException: Unknown column 'suhu_min' in 'field list'
in SYSTEMPATH\Database\MySQLi\Connection.php on line 310.
 1 SYSTEMPATH\Database\BaseConnection.php(769): CodeIgniter\Database\MySQLi\Connection->execute('INSERT INTO `settings` (`suhu_min`, `suhu_max`, `kelembaban_min`, `kelembaban_max`, `created_at`, `updated_at`) VALUES (\'25.00\', \'30.00\', \'60.00\', \'64.00\', \'2026-06-18 23:50:11\', \'2026-06-18 23:50:11\')')
 2 SYSTEMPATH\Database\BaseConnection.php(686): CodeIgniter\Database\BaseConnection->simpleQuery('INSERT INTO `settings` (`suhu_min`, `suhu_max`, `kelembaban_min`, `kelembaban_max`, `created_at`, `updated_at`) VALUES (\'25.00\', \'30.00\', \'60.00\', \'64.00\', \'2026-06-18 23:50:11\', \'2026-06-18 23:50:11\')')
 3 SYSTEMPATH\Database\BaseBuilder.php(2345): CodeIgniter\Database\BaseConnection->query('INSERT INTO `settings` (`suhu_min`, `suhu_max`, `kelembaban_min`, `kelembaban_max`, `created_at`, `updated_at`) VALUES (:suhu_min:, :suhu_max:, :kelembaban_min:, :kelembaban_max:, :created_at:, :updated_at:)', [...], false)
 4 SYSTEMPATH\Model.php(356): CodeIgniter\Database\BaseBuilder->insert()
 5 SYSTEMPATH\BaseModel.php(898): CodeIgniter\Model->doInsert([...])
 6 SYSTEMPATH\Model.php(665): CodeIgniter\BaseModel->insert([...], true)
 7 APPPATH\Controllers\Admin\Notification.php(39): CodeIgniter\Model->insert([...])
 8 SYSTEMPATH\CodeIgniter.php(951): App\Controllers\Admin\Notification->updateSettings()
 9 SYSTEMPATH\CodeIgniter.php(497): CodeIgniter\CodeIgniter->runController(Object(App\Controllers\Admin\Notification))
10 SYSTEMPATH\CodeIgniter.php(340): CodeIgniter\CodeIgniter->handleRequest(null, Object(Config\Cache), false)
11 SYSTEMPATH\Boot.php(417): CodeIgniter\CodeIgniter->run()
12 SYSTEMPATH\Boot.php(68): CodeIgniter\Boot::runCodeIgniter(Object(CodeIgniter\CodeIgniter))
13 FCPATH\index.php(59): CodeIgniter\Boot::bootWeb(Object(Config\Paths))
14 SYSTEMPATH\rewrite.php(44): require_once('C:\\Users\\YOGA 6\\Downloads\\PRAKTIKUM MOBILE\\Praktikum DHT 11\\ci4-app\\public\\index.php')
CRITICAL - 2026-06-18 23:50:11 --> [Caused by] mysqli_sql_exception: Unknown column 'suhu_min' in 'field list'
in SYSTEMPATH\Database\MySQLi\Connection.php on line 300.
 1 SYSTEMPATH\Database\MySQLi\Connection.php(300): mysqli->query('INSERT INTO `settings` (`suhu_min`, `suhu_max`, `kelembaban_min`, `kelembaban_max`, `created_at`, `updated_at`) VALUES (\'25.00\', \'30.00\', \'60.00\', \'64.00\', \'2026-06-18 23:50:11\', \'2026-06-18 23:50:11\')', 0)
 2 SYSTEMPATH\Database\BaseConnection.php(769): CodeIgniter\Database\MySQLi\Connection->execute('INSERT INTO `settings` (`suhu_min`, `suhu_max`, `kelembaban_min`, `kelembaban_max`, `created_at`, `updated_at`) VALUES (\'25.00\', \'30.00\', \'60.00\', \'64.00\', \'2026-06-18 23:50:11\', \'2026-06-18 23:50:11\')')
 3 SYSTEMPATH\Database\BaseConnection.php(686): CodeIgniter\Database\BaseConnection->simpleQuery('INSERT INTO `settings` (`suhu_min`, `suhu_max`, `kelembaban_min`, `kelembaban_max`, `created_at`, `updated_at`) VALUES (\'25.00\', \'30.00\', \'60.00\', \'64.00\', \'2026-06-18 23:50:11\', \'2026-06-18 23:50:11\')')
 4 SYSTEMPATH\Database\BaseBuilder.php(2345): CodeIgniter\Database\BaseConnection->query('INSERT INTO `settings` (`suhu_min`, `suhu_max`, `kelembaban_min`, `kelembaban_max`, `created_at`, `updated_at`) VALUES (:suhu_min:, :suhu_max:, :kelembaban_min:, :kelembaban_max:, :created_at:, :updated_at:)', [...], false)
 5 SYSTEMPATH\Model.php(356): CodeIgniter\Database\BaseBuilder->insert()
 6 SYSTEMPATH\BaseModel.php(898): CodeIgniter\Model->doInsert([...])
 7 SYSTEMPATH\Model.php(665): CodeIgniter\BaseModel->insert([...], true)
 8 APPPATH\Controllers\Admin\Notification.php(39): CodeIgniter\Model->insert([...])
 9 SYSTEMPATH\CodeIgniter.php(951): App\Controllers\Admin\Notification->updateSettings()
10 SYSTEMPATH\CodeIgniter.php(497): CodeIgniter\CodeIgniter->runController(Object(App\Controllers\Admin\Notification))
11 SYSTEMPATH\CodeIgniter.php(340): CodeIgniter\CodeIgniter->handleRequest(null, Object(Config\Cache), false)
12 SYSTEMPATH\Boot.php(417): CodeIgniter\CodeIgniter->run()
13 SYSTEMPATH\Boot.php(68): CodeIgniter\Boot::runCodeIgniter(Object(CodeIgniter\CodeIgniter))
14 FCPATH\index.php(59): CodeIgniter\Boot::bootWeb(Object(Config\Paths))
15 SYSTEMPATH\rewrite.php(44): require_once('C:\\Users\\YOGA 6\\Downloads\\PRAKTIKUM MOBILE\\Praktikum DHT 11\\ci4-app\\public\\index.php')
DEBUG - 2026-06-18 23:50:15 --> Session: Class initialized using 'CodeIgniter\Session\Handlers\FileHandler' driver.
ERROR - 2026-06-18 23:50:15 --> Unknown column 'suhu_min' in 'field list'
in SYSTEMPATH\Database\MySQLi\Connection.php on line 300.
 1 SYSTEMPATH\Database\MySQLi\Connection.php(300): mysqli->query('INSERT INTO `settings` (`suhu_min`, `suhu_max`, `kelembaban_min`, `kelembaban_max`, `created_at`, `updated_at`) VALUES (\'25.00\', \'30.00\', \'60.00\', \'64.00\', \'2026-06-18 23:50:15\', \'2026-06-18 23:50:15\')', 0)
 2 SYSTEMPATH\Database\BaseConnection.php(769): CodeIgniter\Database\MySQLi\Connection->execute('INSERT INTO `settings` (`suhu_min`, `suhu_max`, `kelembaban_min`, `kelembaban_max`, `created_at`, `updated_at`) VALUES (\'25.00\', \'30.00\', \'60.00\', \'64.00\', \'2026-06-18 23:50:15\', \'2026-06-18 23:50:15\')')
 3 SYSTEMPATH\Database\BaseConnection.php(686): CodeIgniter\Database\BaseConnection->simpleQuery('INSERT INTO `settings` (`suhu_min`, `suhu_max`, `kelembaban_min`, `kelembaban_max`, `created_at`, `updated_at`) VALUES (\'25.00\', \'30.00\', \'60.00\', \'64.00\', \'2026-06-18 23:50:15\', \'2026-06-18 23:50:15\')')
 4 SYSTEMPATH\Database\BaseBuilder.php(2345): CodeIgniter\Database\BaseConnection->query('INSERT INTO `settings` (`suhu_min`, `suhu_max`, `kelembaban_min`, `kelembaban_max`, `created_at`, `updated_at`) VALUES (:suhu_min:, :suhu_max:, :kelembaban_min:, :kelembaban_max:, :created_at:, :updated_at:)', [...], false)
 5 SYSTEMPATH\Model.php(356): CodeIgniter\Database\BaseBuilder->insert()
 6 SYSTEMPATH\BaseModel.php(898): CodeIgniter\Model->doInsert([...])
 7 SYSTEMPATH\Model.php(665): CodeIgniter\BaseModel->insert([...], true)
 8 APPPATH\Controllers\Admin\Notification.php(39): CodeIgniter\Model->insert([...])
 9 SYSTEMPATH\CodeIgniter.php(951): App\Controllers\Admin\Notification->updateSettings()
10 SYSTEMPATH\CodeIgniter.php(497): CodeIgniter\CodeIgniter->runController(Object(App\Controllers\Admin\Notification))
11 SYSTEMPATH\CodeIgniter.php(340): CodeIgniter\CodeIgniter->handleRequest(null, Object(Config\Cache), false)
12 SYSTEMPATH\Boot.php(417): CodeIgniter\CodeIgniter->run()
13 SYSTEMPATH\Boot.php(68): CodeIgniter\Boot::runCodeIgniter(Object(CodeIgniter\CodeIgniter))
14 FCPATH\index.php(59): CodeIgniter\Boot::bootWeb(Object(Config\Paths))
15 SYSTEMPATH\rewrite.php(44): require_once('C:\\Users\\YOGA 6\\Downloads\\PRAKTIKUM MOBILE\\Praktikum DHT 11\\ci4-app\\public\\index.php')
CRITICAL - 2026-06-18 23:50:15 --> CodeIgniter\Database\Exceptions\DatabaseException: Unknown column 'suhu_min' in 'field list'
[Method: POST, Route: api/admin/settings]
in SYSTEMPATH\Database\BaseConnection.php on line 724.
 1 SYSTEMPATH\Database\BaseBuilder.php(2345): CodeIgniter\Database\BaseConnection->query('INSERT INTO `settings` (`suhu_min`, `suhu_max`, `kelembaban_min`, `kelembaban_max`, `created_at`, `updated_at`) VALUES (:suhu_min:, :suhu_max:, :kelembaban_min:, :kelembaban_max:, :created_at:, :updated_at:)', [...], false)
 2 SYSTEMPATH\Model.php(356): CodeIgniter\Database\BaseBuilder->insert()
 3 SYSTEMPATH\BaseModel.php(898): CodeIgniter\Model->doInsert([...])
 4 SYSTEMPATH\Model.php(665): CodeIgniter\BaseModel->insert([...], true)
 5 APPPATH\Controllers\Admin\Notification.php(39): CodeIgniter\Model->insert([...])
 6 SYSTEMPATH\CodeIgniter.php(951): App\Controllers\Admin\Notification->updateSettings()
 7 SYSTEMPATH\CodeIgniter.php(497): CodeIgniter\CodeIgniter->runController(Object(App\Controllers\Admin\Notification))
 8 SYSTEMPATH\CodeIgniter.php(340): CodeIgniter\CodeIgniter->handleRequest(null, Object(Config\Cache), false)
 9 SYSTEMPATH\Boot.php(417): CodeIgniter\CodeIgniter->run()
10 SYSTEMPATH\Boot.php(68): CodeIgniter\Boot::runCodeIgniter(Object(CodeIgniter\CodeIgniter))
11 FCPATH\index.php(59): CodeIgniter\Boot::bootWeb(Object(Config\Paths))
12 SYSTEMPATH\rewrite.php(44): require_once('C:\\Users\\YOGA 6\\Downloads\\PRAKTIKUM MOBILE\\Praktikum DHT 11\\ci4-app\\public\\index.php')
CRITICAL - 2026-06-18 23:50:15 --> [Caused by] CodeIgniter\Database\Exceptions\DatabaseException: Unknown column 'suhu_min' in 'field list'
in SYSTEMPATH\Database\MySQLi\Connection.php on line 310.
 1 SYSTEMPATH\Database\BaseConnection.php(769): CodeIgniter\Database\MySQLi\Connection->execute('INSERT INTO `settings` (`suhu_min`, `suhu_max`, `kelembaban_min`, `kelembaban_max`, `created_at`, `updated_at`) VALUES (\'25.00\', \'30.00\', \'60.00\', \'64.00\', \'2026-06-18 23:50:15\', \'2026-06-18 23:50:15\')')
 2 SYSTEMPATH\Database\BaseConnection.php(686): CodeIgniter\Database\BaseConnection->simpleQuery('INSERT INTO `settings` (`suhu_min`, `suhu_max`, `kelembaban_min`, `kelembaban_max`, `created_at`, `updated_at`) VALUES (\'25.00\', \'30.00\', \'60.00\', \'64.00\', \'2026-06-18 23:50:15\', \'2026-06-18 23:50:15\')')
 3 SYSTEMPATH\Database\BaseBuilder.php(2345): CodeIgniter\Database\BaseConnection->query('INSERT INTO `settings` (`suhu_min`, `suhu_max`, `kelembaban_min`, `kelembaban_max`, `created_at`, `updated_at`) VALUES (:suhu_min:, :suhu_max:, :kelembaban_min:, :kelembaban_max:, :created_at:, :updated_at:)', [...], false)
 4 SYSTEMPATH\Model.php(356): CodeIgniter\Database\BaseBuilder->insert()
 5 SYSTEMPATH\BaseModel.php(898): CodeIgniter\Model->doInsert([...])
 6 SYSTEMPATH\Model.php(665): CodeIgniter\BaseModel->insert([...], true)
 7 APPPATH\Controllers\Admin\Notification.php(39): CodeIgniter\Model->insert([...])
 8 SYSTEMPATH\CodeIgniter.php(951): App\Controllers\Admin\Notification->updateSettings()
 9 SYSTEMPATH\CodeIgniter.php(497): CodeIgniter\CodeIgniter->runController(Object(App\Controllers\Admin\Notification))
10 SYSTEMPATH\CodeIgniter.php(340): CodeIgniter\CodeIgniter->handleRequest(null, Object(Config\Cache), false)
11 SYSTEMPATH\Boot.php(417): CodeIgniter\CodeIgniter->run()
12 SYSTEMPATH\Boot.php(68): CodeIgniter\Boot::runCodeIgniter(Object(CodeIgniter\CodeIgniter))
13 FCPATH\index.php(59): CodeIgniter\Boot::bootWeb(Object(Config\Paths))
14 SYSTEMPATH\rewrite.php(44): require_once('C:\\Users\\YOGA 6\\Downloads\\PRAKTIKUM MOBILE\\Praktikum DHT 11\\ci4-app\\public\\index.php')
CRITICAL - 2026-06-18 23:50:15 --> [Caused by] mysqli_sql_exception: Unknown column 'suhu_min' in 'field list'
in SYSTEMPATH\Database\MySQLi\Connection.php on line 300.
 1 SYSTEMPATH\Database\MySQLi\Connection.php(300): mysqli->query('INSERT INTO `settings` (`suhu_min`, `suhu_max`, `kelembaban_min`, `kelembaban_max`, `created_at`, `updated_at`) VALUES (\'25.00\', \'30.00\', \'60.00\', \'64.00\', \'2026-06-18 23:50:15\', \'2026-06-18 23:50:15\')', 0)
 2 SYSTEMPATH\Database\BaseConnection.php(769): CodeIgniter\Database\MySQLi\Connection->execute('INSERT INTO `settings` (`suhu_min`, `suhu_max`, `kelembaban_min`, `kelembaban_max`, `created_at`, `updated_at`) VALUES (\'25.00\', \'30.00\', \'60.00\', \'64.00\', \'2026-06-18 23:50:15\', \'2026-06-18 23:50:15\')')
 3 SYSTEMPATH\Database\BaseConnection.php(686): CodeIgniter\Database\BaseConnection->simpleQuery('INSERT INTO `settings` (`suhu_min`, `suhu_max`, `kelembaban_min`, `kelembaban_max`, `created_at`, `updated_at`) VALUES (\'25.00\', \'30.00\', \'60.00\', \'64.00\', \'2026-06-18 23:50:15\', \'2026-06-18 23:50:15\')')
 4 SYSTEMPATH\Database\BaseBuilder.php(2345): CodeIgniter\Database\BaseConnection->query('INSERT INTO `settings` (`suhu_min`, `suhu_max`, `kelembaban_min`, `kelembaban_max`, `created_at`, `updated_at`) VALUES (:suhu_min:, :suhu_max:, :kelembaban_min:, :kelembaban_max:, :created_at:, :updated_at:)', [...], false)
 5 SYSTEMPATH\Model.php(356): CodeIgniter\Database\BaseBuilder->insert()
 6 SYSTEMPATH\BaseModel.php(898): CodeIgniter\Model->doInsert([...])
 7 SYSTEMPATH\Model.php(665): CodeIgniter\BaseModel->insert([...], true)
 8 APPPATH\Controllers\Admin\Notification.php(39): CodeIgniter\Model->insert([...])
 9 SYSTEMPATH\CodeIgniter.php(951): App\Controllers\Admin\Notification->updateSettings()
10 SYSTEMPATH\CodeIgniter.php(497): CodeIgniter\CodeIgniter->runController(Object(App\Controllers\Admin\Notification))
11 SYSTEMPATH\CodeIgniter.php(340): CodeIgniter\CodeIgniter->handleRequest(null, Object(Config\Cache), false)
12 SYSTEMPATH\Boot.php(417): CodeIgniter\CodeIgniter->run()
13 SYSTEMPATH\Boot.php(68): CodeIgniter\Boot::runCodeIgniter(Object(CodeIgniter\CodeIgniter))
14 FCPATH\index.php(59): CodeIgniter\Boot::bootWeb(Object(Config\Paths))
15 SYSTEMPATH\rewrite.php(44): require_once('C:\\Users\\YOGA 6\\Downloads\\PRAKTIKUM MOBILE\\Praktikum DHT 11\\ci4-app\\public\\index.php')
DEBUG - 2026-06-18 23:54:02 --> Session: Class initialized using 'CodeIgniter\Session\Handlers\FileHandler' driver.
ERROR - 2026-06-18 23:54:02 --> Unknown column 'suhu_min' in 'field list'
in SYSTEMPATH\Database\MySQLi\Connection.php on line 300.
 1 SYSTEMPATH\Database\MySQLi\Connection.php(300): mysqli->query('INSERT INTO `settings` (`suhu_min`, `suhu_max`, `kelembaban_min`, `kelembaban_max`, `created_at`, `updated_at`) VALUES (\'25.00\', \'30.00\', \'60.00\', \'64.00\', \'2026-06-18 23:54:02\', \'2026-06-18 23:54:02\')', 0)
 2 SYSTEMPATH\Database\BaseConnection.php(769): CodeIgniter\Database\MySQLi\Connection->execute('INSERT INTO `settings` (`suhu_min`, `suhu_max`, `kelembaban_min`, `kelembaban_max`, `created_at`, `updated_at`) VALUES (\'25.00\', \'30.00\', \'60.00\', \'64.00\', \'2026-06-18 23:54:02\', \'2026-06-18 23:54:02\')')
 3 SYSTEMPATH\Database\BaseConnection.php(686): CodeIgniter\Database\BaseConnection->simpleQuery('INSERT INTO `settings` (`suhu_min`, `suhu_max`, `kelembaban_min`, `kelembaban_max`, `created_at`, `updated_at`) VALUES (\'25.00\', \'30.00\', \'60.00\', \'64.00\', \'2026-06-18 23:54:02\', \'2026-06-18 23:54:02\')')
 4 SYSTEMPATH\Database\BaseBuilder.php(2345): CodeIgniter\Database\BaseConnection->query('INSERT INTO `settings` (`suhu_min`, `suhu_max`, `kelembaban_min`, `kelembaban_max`, `created_at`, `updated_at`) VALUES (:suhu_min:, :suhu_max:, :kelembaban_min:, :kelembaban_max:, :created_at:, :updated_at:)', [...], false)
 5 SYSTEMPATH\Model.php(356): CodeIgniter\Database\BaseBuilder->insert()
 6 SYSTEMPATH\BaseModel.php(898): CodeIgniter\Model->doInsert([...])
 7 SYSTEMPATH\Model.php(665): CodeIgniter\BaseModel->insert([...], true)
 8 APPPATH\Controllers\Admin\Notification.php(39): CodeIgniter\Model->insert([...])
 9 SYSTEMPATH\CodeIgniter.php(951): App\Controllers\Admin\Notification->updateSettings()
10 SYSTEMPATH\CodeIgniter.php(497): CodeIgniter\CodeIgniter->runController(Object(App\Controllers\Admin\Notification))
11 SYSTEMPATH\CodeIgniter.php(340): CodeIgniter\CodeIgniter->handleRequest(null, Object(Config\Cache), false)
12 SYSTEMPATH\Boot.php(417): CodeIgniter\CodeIgniter->run()
13 SYSTEMPATH\Boot.php(68): CodeIgniter\Boot::runCodeIgniter(Object(CodeIgniter\CodeIgniter))
14 FCPATH\index.php(59): CodeIgniter\Boot::bootWeb(Object(Config\Paths))
15 SYSTEMPATH\rewrite.php(44): require_once('C:\\Users\\YOGA 6\\Downloads\\PRAKTIKUM MOBILE\\Praktikum DHT 11\\ci4-app\\public\\index.php')
CRITICAL - 2026-06-18 23:54:02 --> CodeIgniter\Database\Exceptions\DatabaseException: Unknown column 'suhu_min' in 'field list'
[Method: POST, Route: api/admin/settings]
in SYSTEMPATH\Database\BaseConnection.php on line 724.
 1 SYSTEMPATH\Database\BaseBuilder.php(2345): CodeIgniter\Database\BaseConnection->query('INSERT INTO `settings` (`suhu_min`, `suhu_max`, `kelembaban_min`, `kelembaban_max`, `created_at`, `updated_at`) VALUES (:suhu_min:, :suhu_max:, :kelembaban_min:, :kelembaban_max:, :created_at:, :updated_at:)', [...], false)
 2 SYSTEMPATH\Model.php(356): CodeIgniter\Database\BaseBuilder->insert()
 3 SYSTEMPATH\BaseModel.php(898): CodeIgniter\Model->doInsert([...])
 4 SYSTEMPATH\Model.php(665): CodeIgniter\BaseModel->insert([...], true)
 5 APPPATH\Controllers\Admin\Notification.php(39): CodeIgniter\Model->insert([...])
 6 SYSTEMPATH\CodeIgniter.php(951): App\Controllers\Admin\Notification->updateSettings()
 7 SYSTEMPATH\CodeIgniter.php(497): CodeIgniter\CodeIgniter->runController(Object(App\Controllers\Admin\Notification))
 8 SYSTEMPATH\CodeIgniter.php(340): CodeIgniter\CodeIgniter->handleRequest(null, Object(Config\Cache), false)
 9 SYSTEMPATH\Boot.php(417): CodeIgniter\CodeIgniter->run()
10 SYSTEMPATH\Boot.php(68): CodeIgniter\Boot::runCodeIgniter(Object(CodeIgniter\CodeIgniter))
11 FCPATH\index.php(59): CodeIgniter\Boot::bootWeb(Object(Config\Paths))
12 SYSTEMPATH\rewrite.php(44): require_once('C:\\Users\\YOGA 6\\Downloads\\PRAKTIKUM MOBILE\\Praktikum DHT 11\\ci4-app\\public\\index.php')
CRITICAL - 2026-06-18 23:54:02 --> [Caused by] CodeIgniter\Database\Exceptions\DatabaseException: Unknown column 'suhu_min' in 'field list'
in SYSTEMPATH\Database\MySQLi\Connection.php on line 310.
 1 SYSTEMPATH\Database\BaseConnection.php(769): CodeIgniter\Database\MySQLi\Connection->execute('INSERT INTO `settings` (`suhu_min`, `suhu_max`, `kelembaban_min`, `kelembaban_max`, `created_at`, `updated_at`) VALUES (\'25.00\', \'30.00\', \'60.00\', \'64.00\', \'2026-06-18 23:54:02\', \'2026-06-18 23:54:02\')')
 2 SYSTEMPATH\Database\BaseConnection.php(686): CodeIgniter\Database\BaseConnection->simpleQuery('INSERT INTO `settings` (`suhu_min`, `suhu_max`, `kelembaban_min`, `kelembaban_max`, `created_at`, `updated_at`) VALUES (\'25.00\', \'30.00\', \'60.00\', \'64.00\', \'2026-06-18 23:54:02\', \'2026-06-18 23:54:02\')')
 3 SYSTEMPATH\Database\BaseBuilder.php(2345): CodeIgniter\Database\BaseConnection->query('INSERT INTO `settings` (`suhu_min`, `suhu_max`, `kelembaban_min`, `kelembaban_max`, `created_at`, `updated_at`) VALUES (:suhu_min:, :suhu_max:, :kelembaban_min:, :kelembaban_max:, :created_at:, :updated_at:)', [...], false)
 4 SYSTEMPATH\Model.php(356): CodeIgniter\Database\BaseBuilder->insert()
 5 SYSTEMPATH\BaseModel.php(898): CodeIgniter\Model->doInsert([...])
 6 SYSTEMPATH\Model.php(665): CodeIgniter\BaseModel->insert([...], true)
 7 APPPATH\Controllers\Admin\Notification.php(39): CodeIgniter\Model->insert([...])
 8 SYSTEMPATH\CodeIgniter.php(951): App\Controllers\Admin\Notification->updateSettings()
 9 SYSTEMPATH\CodeIgniter.php(497): CodeIgniter\CodeIgniter->runController(Object(App\Controllers\Admin\Notification))
10 SYSTEMPATH\CodeIgniter.php(340): CodeIgniter\CodeIgniter->handleRequest(null, Object(Config\Cache), false)
11 SYSTEMPATH\Boot.php(417): CodeIgniter\CodeIgniter->run()
12 SYSTEMPATH\Boot.php(68): CodeIgniter\Boot::runCodeIgniter(Object(CodeIgniter\CodeIgniter))
13 FCPATH\index.php(59): CodeIgniter\Boot::bootWeb(Object(Config\Paths))
14 SYSTEMPATH\rewrite.php(44): require_once('C:\\Users\\YOGA 6\\Downloads\\PRAKTIKUM MOBILE\\Praktikum DHT 11\\ci4-app\\public\\index.php')
CRITICAL - 2026-06-18 23:54:02 --> [Caused by] mysqli_sql_exception: Unknown column 'suhu_min' in 'field list'
in SYSTEMPATH\Database\MySQLi\Connection.php on line 300.
 1 SYSTEMPATH\Database\MySQLi\Connection.php(300): mysqli->query('INSERT INTO `settings` (`suhu_min`, `suhu_max`, `kelembaban_min`, `kelembaban_max`, `created_at`, `updated_at`) VALUES (\'25.00\', \'30.00\', \'60.00\', \'64.00\', \'2026-06-18 23:54:02\', \'2026-06-18 23:54:02\')', 0)
 2 SYSTEMPATH\Database\BaseConnection.php(769): CodeIgniter\Database\MySQLi\Connection->execute('INSERT INTO `settings` (`suhu_min`, `suhu_max`, `kelembaban_min`, `kelembaban_max`, `created_at`, `updated_at`) VALUES (\'25.00\', \'30.00\', \'60.00\', \'64.00\', \'2026-06-18 23:54:02\', \'2026-06-18 23:54:02\')')
 3 SYSTEMPATH\Database\BaseConnection.php(686): CodeIgniter\Database\BaseConnection->simpleQuery('INSERT INTO `settings` (`suhu_min`, `suhu_max`, `kelembaban_min`, `kelembaban_max`, `created_at`, `updated_at`) VALUES (\'25.00\', \'30.00\', \'60.00\', \'64.00\', \'2026-06-18 23:54:02\', \'2026-06-18 23:54:02\')')
 4 SYSTEMPATH\Database\BaseBuilder.php(2345): CodeIgniter\Database\BaseConnection->query('INSERT INTO `settings` (`suhu_min`, `suhu_max`, `kelembaban_min`, `kelembaban_max`, `created_at`, `updated_at`) VALUES (:suhu_min:, :suhu_max:, :kelembaban_min:, :kelembaban_max:, :created_at:, :updated_at:)', [...], false)
 5 SYSTEMPATH\Model.php(356): CodeIgniter\Database\BaseBuilder->insert()
 6 SYSTEMPATH\BaseModel.php(898): CodeIgniter\Model->doInsert([...])
 7 SYSTEMPATH\Model.php(665): CodeIgniter\BaseModel->insert([...], true)
 8 APPPATH\Controllers\Admin\Notification.php(39): CodeIgniter\Model->insert([...])
 9 SYSTEMPATH\CodeIgniter.php(951): App\Controllers\Admin\Notification->updateSettings()
10 SYSTEMPATH\CodeIgniter.php(497): CodeIgniter\CodeIgniter->runController(Object(App\Controllers\Admin\Notification))
11 SYSTEMPATH\CodeIgniter.php(340): CodeIgniter\CodeIgniter->handleRequest(null, Object(Config\Cache), false)
12 SYSTEMPATH\Boot.php(417): CodeIgniter\CodeIgniter->run()
13 SYSTEMPATH\Boot.php(68): CodeIgniter\Boot::runCodeIgniter(Object(CodeIgniter\CodeIgniter))
14 FCPATH\index.php(59): CodeIgniter\Boot::bootWeb(Object(Config\Paths))
15 SYSTEMPATH\rewrite.php(44): require_once('C:\\Users\\YOGA 6\\Downloads\\PRAKTIKUM MOBILE\\Praktikum DHT 11\\ci4-app\\public\\index.php')
DEBUG - 2026-06-18 23:59:56 --> Session: Class initialized using 'CodeIgniter\Session\Handlers\FileHandler' driver.
DEBUG - 2026-06-18 23:59:59 --> Session: Class initialized using 'CodeIgniter\Session\Handlers\FileHandler' driver.
